municipality,predicted_vote_party,expected_N,total_N,point_estimate
Aabenraa,Danmarksdemokraterne (Æ),3744.584510708174,39250,0.09540342702441208
Aabenraa,Did not vote,1845.179988405649,39250,0.047010955118615264
Aabenraa,Liberal Alliance (I),3729.20391646885,39250,0.09501156475079872
Aabenraa,Moderaterne (M),3235.336127728206,39250,0.08242894592938105
Aabenraa,Other,219.33903088538025,39250,0.0055882555639587324
Aabenraa,Other - Left,2727.9728439820333,39250,0.06950249284030659
Aabenraa,Other - Right,5795.619166375597,39250,0.14765908704141648
Aabenraa,Socialdemokratiet (A),11319.529707177871,39250,0.2883956613293725
Aabenraa,Socialistisk Folkeparti (F),2578.3523979323004,39250,0.06569050695368918
Aabenraa,Venstre (V),4054.8823103359396,39250,0.10330910344804942
Aalborg,Danmarksdemokraterne (Æ),10093.754243206971,165538,0.06097545121486892
Aalborg,Did not vote,7478.749944316823,165538,0.045178448116546185
Aalborg,Liberal Alliance (I),19380.504714394043,165538,0.11707586605126341
Aalborg,Moderaterne (M),14362.01806253037,165538,0.08675964468901623
Aalborg,Other,998.0246200988365,165538,0.006028975945697281
Aalborg,Other - Left,18634.964805816562,165538,0.11257212728084526
Aalborg,Other - Right,18650.66332321336,165538,0.11266696059643926
Aalborg,Socialdemokratiet (A),43530.793027929205,165538,0.2629655609463036
Aalborg,Socialistisk Folkeparti (F),13171.51764783659,165538,0.07956793997654067
Aalborg,Venstre (V),19237.00961065725,165538,0.11620902518247925
Aarhus,Danmarksdemokraterne (Æ),7671.756139858099,268931,0.028526856851229868
Aarhus,Did not vote,11195.64120632482,268931,0.04163016240717813
Aarhus,Liberal Alliance (I),22997.048828891187,268931,0.08551282235551567
Aarhus,Moderaterne (M),20440.44970303532,268931,0.07600629790926045
Aarhus,Other,1333.458041404955,268931,0.0049583649389804635
Aarhus,Other - Left,59960.196605822755,268931,0.22295754898402473
Aarhus,Other - Right,23682.684501960026,268931,0.08806230781114868
Aarhus,Socialdemokratiet (A),53967.34572995486,268931,0.20067357697682625
Aarhus,Socialistisk Folkeparti (F),45496.12917084544,268931,0.16917398578388299
Aarhus,Venstre (V),22186.290071902546,268931,0.08249807598195279
Albertslund,Danmarksdemokraterne (Æ),1010.1051927626978,17763,0.056865686694966944
Albertslund,Did not vote,946.907052668365,17763,0.05330783384948292
Albertslund,Liberal Alliance (I),1742.3597021274675,17763,0.09808926995031625
Albertslund,Moderaterne (M),1134.6528723897165,17763,0.06387732209591379
Albertslund,Other,109.52508485345206,17763,0.006165911436888592
Albertslund,Other - Left,2299.551175740543,17763,0.12945736507012007
Albertslund,Other - Right,1439.8105016200523,17763,0.08105671911389137
Albertslund,Socialdemokratiet (A),5035.504365338589,17763,0.2834827655992
Albertslund,Socialistisk Folkeparti (F),2749.987287570964,17763,0.15481547528970127
Albertslund,Venstre (V),1294.5967649281533,17763,0.07288165089951885
Allerød,Danmarksdemokraterne (Æ),622.6313577943015,17905,0.03477416128423912
Allerød,Did not vote,532.6429154737536,17905,0.02974827788180696
Allerød,Liberal Alliance (I),1300.5973302029254,17905,0.07263877856481013
Allerød,Moderaterne (M),1938.7182280894478,17905,0.10827803563750057
Allerød,Other,101.55585798524324,17905,0.005671927282057706
Allerød,Other - Left,2318.289078878604,17905,0.12947718954920995
Allerød,Other - Right,2219.5837593262104,17905,0.12396446575404693
Allerød,Socialdemokratiet (A),4229.41769356619,17905,0.2362143364181061
Allerød,Socialistisk Folkeparti (F),1942.4922583112887,17905,0.10848881643737998
Allerød,Venstre (V),2699.071520372036,17905,0.15074401119084255
Assens,Danmarksdemokraterne (Æ),2221.239039326369,29327,0.07574041120218124
Assens,Did not vote,1316.7696918835106,29327,0.044899570085024404
Assens,Liberal Alliance (I),2732.027404039726,29327,0.09315741139699683
Assens,Moderaterne (M),2786.392900680786,29327,0.0950111808463459
Assens,Other,162.09272660084633,29327,0.00552708175404393
Assens,Other - Left,2044.7267445414925,29327,0.06972164710135685
Assens,Other - Right,3051.5046872212406,29327,0.10405103444679785
Assens,Socialdemokratiet (A),9777.252421297986,29327,0.3333874048248367
Assens,Socialistisk Folkeparti (F),2027.899913224044,29327,0.06914788124336087
Assens,Venstre (V),3207.0944711839993,29327,0.10935637709905545
Ballerup,Danmarksdemokraterne (Æ),2021.702496880329,34624,0.058390206125240554
Ballerup,Did not vote,1565.16789631198,34624,0.045204710498844156
Ballerup,Liberal Alliance (I),3945.1829928266384,34624,0.11394359383163813
Ballerup,Moderaterne (M),2585.461300028513,34624,0.07467251906274587
Ballerup,Other,213.5597034075376,34624,0.006167967404330453
Ballerup,Other - Left,3820.5560466661123,34624,0.11034415569160444
Ballerup,Other - Right,3783.417637591315,34624,0.10927153528163455
Ballerup,Socialdemokratiet (A),10101.18556055651,34624,0.2917394166057218
Ballerup,Socialistisk Folkeparti (F),3446.070663489196,34624,0.09952838099264082
Ballerup,Venstre (V),3141.69570224187,34624,0.0907375145055993
Billund,Danmarksdemokraterne (Æ),1497.7122033100213,17752,0.08436864597284933
Billund,Did not vote,851.6286923459019,17752,0.04797367577432976
Billund,Liberal Alliance (I),1986.047199035562,17752,0.11187737714260715
Billund,Moderaterne (M),1464.164136174819,17752,0.08247882695892401
Billund,Other,100.55062536610794,17752,0.005664185746175526
Billund,Other - Left,1146.1684168167174,17752,0.06456559355659741
Billund,Other - Right,1956.9413640563203,17752,0.11023779653314107
Billund,Socialdemokratiet (A),4866.449678001854,17752,0.2741352905589147
Billund,Socialistisk Folkeparti (F),1002.2178460683166,17752,0.05645661593444776
Billund,Venstre (V),2880.1198388243806,17752,0.16224199182201332
Bornholm,Danmarksdemokraterne (Æ),2104.8865879612113,29052,0.07245238152145157
Bornholm,Did not vote,1380.3574248160774,29052,0.047513335564370006
Bornholm,Liberal Alliance (I),2418.11579454949,29052,0.08323405598752204
Bornholm,Moderaterne (M),2267.073969295775,29052,0.07803503955995371
Bornholm,Other,159.57297413921935,29052,0.0054926674287215805
Bornholm,Other - Left,2144.5760642228215,29052,0.07381853449754996
Bornholm,Other - Right,3289.741576294479,29052,0.1132363202634751
Bornholm,Socialdemokratiet (A),9997.172788464664,29052,0.3441130658290191
Bornholm,Socialistisk Folkeparti (F),1623.9053667757616,29052,0.05589650856311998
Bornholm,Venstre (V),3666.597453480501,29052,0.1262080907848169
Brøndby,Danmarksdemokraterne (Æ),1626.7508679756354,23485,0.06926765458699746
Brøndby,Did not vote,1402.0780767648594,23485,0.05970100390738171
Brøndby,Liberal Alliance (I),3071.057102674565,23485,0.13076674910260017
Brøndby,Moderaterne (M),1675.2048693873173,23485,0.07133084391685404
Brøndby,Other,161.1848759741379,23485,0.006863311729790841
Brøndby,Other - Left,2154.1846975960148,23485,0.09172598243968554
Brøndby,Other - Right,2762.334602250414,23485,0.11762123066852943
Brøndby,Socialdemokratiet (A),7010.600469334271,23485,0.29851396505574923
Brøndby,Socialistisk Folkeparti (F),1595.1796291294893,23485,0.06792333954138767
Brøndby,Venstre (V),2026.4248089132961,23485,0.0862859190510239
Brønderslev,Danmarksdemokraterne (Æ),2090.6882020119797,26078,0.08017057297384692
Brønderslev,Did not vote,1139.872012472274,26078,0.04371010094609533
Brønderslev,Liberal Alliance (I),3195.053070536293,26078,0.12251909926130428
Brønderslev,Moderaterne (M),1486.6244939849505,26078,0.0570068446194091
Brønderslev,Other,155.6147909495751,26078,0.005967282420031256
Brønderslev,Other - Left,1855.530277188888,26078,0.07115308985309027
Brønderslev,Other - Right,2868.622562002333,26078,0.11000163210377839
Brønderslev,Socialdemokratiet (A),8741.87921222548,26078,0.3352204621606519
Brønderslev,Socialistisk Folkeparti (F),1520.2569921998122,26078,0.0582965331773837
Brønderslev,Venstre (V),3023.8583864284165,26078,0.11595438248440894
Copenhagen,Danmarksdemokraterne (Æ),10007.415861136822,427405,0.02341436310089218
Copenhagen,Did not vote,16760.28081645321,427405,0.03921404947638238
Copenhagen,Liberal Alliance (I),33970.596027602,427405,0.07948104497514535
Copenhagen,Moderaterne (M),28626.549696060567,427405,0.06697757325267736
Copenhagen,Other,2102.8703191221175,427405,0.004920088251476042
Copenhagen,Other - Left,152831.3673918645,427405,0.3575797367645781
Copenhagen,Other - Right,33024.91324432999,427405,0.07726842981324503
Copenhagen,Socialdemokratiet (A),72987.10335287506,427405,0.17076801477024148
Copenhagen,Socialistisk Folkeparti (F),50914.136445455675,427405,0.11912386716452937
Copenhagen,Venstre (V),26179.76684510006,427405,0.061252832430832724
Dragør,Danmarksdemokraterne (Æ),505.93051309677514,9996,0.05061329662832885
Dragør,Did not vote,346.8467555865535,9996,0.03469855498064761
Dragør,Liberal Alliance (I),918.5616975541059,9996,0.09189292692618106
Dragør,Moderaterne (M),953.9119353416762,9996,0.09542936528027973
Dragør,Other,63.10916902644407,9996,0.0063134422795562296
Dragør,Other - Left,1033.2862004553015,9996,0.10336996803274325
Dragør,Other - Right,1631.2392209276036,9996,0.1631891977718691
Dragør,Socialdemokratiet (A),2557.086978014673,9996,0.25581102221035146
Dragør,Socialistisk Folkeparti (F),838.8473032662854,9996,0.08391829764568681
Dragør,Venstre (V),1147.180226730582,9996,0.11476392824435594
Egedal,Danmarksdemokraterne (Æ),1775.5394860271676,31325,0.05668122860421924
Egedal,Did not vote,1155.5665464192086,31325,0.036889594458713766
Egedal,Liberal Alliance (I),3362.6461934963654,31325,0.107347045283204
Egedal,Moderaterne (M),2996.6349933012198,31325,0.09566272923547389
Egedal,Other,180.0532584704831,31325,0.005747909288762429
Egedal,Other - Left,3007.6447161996666,31325,0.09601419684595904
Egedal,Other - Right,3671.151186165294,31325,0.117195568592667
Egedal,Socialdemokratiet (A),9023.273108481506,31325,0.2880534112843258
Egedal,Socialistisk Folkeparti (F),3034.2415587161777,31325,0.0968632580595747
Egedal,Venstre (V),3118.2489527229127,31325,0.09954505834710016
Esbjerg,Danmarksdemokraterne (Æ),5653.479355769052,81833,0.06908556885081876
Esbjerg,Did not vote,3744.3929026177398,81833,0.04575651512980997
Esbjerg,Liberal Alliance (I),7583.199906198311,81833,0.09266677142715421
Esbjerg,Moderaterne (M),9231.932281545785,81833,0.11281429596306851
Esbjerg,Other,446.62444054350476,81833,0.005457754702180108
Esbjerg,Other - Left,6353.747076599976,81833,0.0776428467317583
Esbjerg,Other - Right,9408.265207540895,81833,0.11496908591327332
Esbjerg,Socialdemokratiet (A),25085.104057813198,81833,0.3065401984262241
Esbjerg,Socialistisk Folkeparti (F),5336.561499676954,81833,0.06521282978354641
Esbjerg,Venstre (V),8989.69327169459,81833,0.10985413307216636
Faaborg-Midtfyn,Danmarksdemokraterne (Æ),3247.6397225405567,38106,0.08522646623997682
Faaborg-Midtfyn,Did not vote,1636.0230285954426,38106,0.042933475793718645
Faaborg-Midtfyn,Liberal Alliance (I),3326.5989145443923,38106,0.08729855966368531
Faaborg-Midtfyn,Moderaterne (M),3525.6260739238455,38106,0.09252154710344422
Faaborg-Midtfyn,Other,206.49956660131116,38106,0.005419082732412511
Faaborg-Midtfyn,Other - Left,2589.2058382889995,38106,0.0679474580981735
Faaborg-Midtfyn,Other - Right,4490.235434092478,38106,0.11783539164678732
Faaborg-Midtfyn,Socialdemokratiet (A),12612.882055366343,38106,0.3309946479653163
Faaborg-Midtfyn,Socialistisk Folkeparti (F),2631.839014824238,38106,0.06906626291986138
Faaborg-Midtfyn,Venstre (V),3839.450351222397,38106,0.10075710783662407
Favrskov,Danmarksdemokraterne (Æ),2250.280058448182,33981,0.0662217138532763
Favrskov,Did not vote,1245.810041372985,33981,0.03666195937061844
Favrskov,Liberal Alliance (I),3714.2707179874533,33981,0.10930433824747515
Favrskov,Moderaterne (M),2850.1164606538428,33981,0.08387382539224399
Favrskov,Other,179.75813948105412,33981,0.005289960256645011
Favrskov,Other - Left,2997.901045929268,33981,0.08822286118505247
Favrskov,Other - Right,3827.781502728186,33981,0.11264475744469515
Favrskov,Socialdemokratiet (A),10017.245337703383,33981,0.2947895982373498
Favrskov,Socialistisk Folkeparti (F),2720.2913363474745,33981,0.08005330438620036
Favrskov,Venstre (V),4177.545359348173,33981,0.1229376816264434
Faxe,Danmarksdemokraterne (Æ),1855.6159996305123,27410,0.06769850418206903
Faxe,Did not vote,1288.993258028485,27410,0.047026386648248264
Faxe,Liberal Alliance (I),2158.8377944739605,27410,0.07876095565392048
Faxe,Moderaterne (M),3086.6084002401,27410,0.11260884349653776
Faxe,Other,142.66679017734228,27410,0.005204917554810007
Faxe,Other - Left,1913.1625282401794,27410,0.0697979762218234
Faxe,Other - Right,3540.4792304243633,27410,0.12916742905597822
Faxe,Socialdemokratiet (A),7711.06137784115,27410,0.28132292513101603
Faxe,Socialistisk Folkeparti (F),2484.9181155065394,27410,0.09065735554565996
Faxe,Venstre (V),3227.656505437369,27410,0.11775470650993686
Fredensborg,Danmarksdemokraterne (Æ),1588.1279370951288,27834,0.05705712212025325
Fredensborg,Did not vote,1173.0580896624538,27834,0.042144790172539116
Fredensborg,Liberal Alliance (I),3136.735475303568,27834,0.11269438367836344
Fredensborg,Moderaterne (M),2443.391848990415,27834,0.0877844308755628
Fredensborg,Other,206.59614865591595,27834,0.00742243833642006
Fredensborg,Other - Left,3582.314555949178,27834,0.12870282948728815
Fredensborg,Other - Right,3269.1722839222753,27834,0.11745247840491037
Fredensborg,Socialdemokratiet (A),7070.368229972525,27834,0.2540191215769392
Fredensborg,Socialistisk Folkeparti (F),2517.6912994974227,27834,0.09045380827396073
Fredensborg,Venstre (V),2846.544130951118,27834,0.10226859707376296
Fredericia,Danmarksdemokraterne (Æ),2816.935734249909,37575,0.07496834954756909
Fredericia,Did not vote,1835.9996100856285,37575,0.04886226507213915
Fredericia,Liberal Alliance (I),3880.556278355236,37575,0.10327495085443077
Fredericia,Moderaterne (M),3357.088412239667,37575,0.08934367031908629
Fredericia,Other,218.26161847948433,37575,0.0058086924412371075
Fredericia,Other - Left,2684.1757867378324,37575,0.07143515067831889
Fredericia,Other - Right,4056.5287688116255,37575,0.10795818413337659
Fredericia,Socialdemokratiet (A),12546.709661416548,37575,0.3339111021002408
Fredericia,Socialistisk Folkeparti (F),2608.3061863129765,37575,0.06941599963574123
Fredericia,Venstre (V),3570.437943311096,37575,0.09502163521786018
Frederiksberg,Danmarksdemokraterne (Æ),2113.072460365833,73795,0.028634358159303926
Frederiksberg,Did not vote,2685.275280273458,73795,0.03638830923874867
Frederiksberg,Liberal Alliance (I),6001.301762072101,73795,0.08132396181410802
Frederiksberg,Moderaterne (M),5316.413515602882,73795,0.07204300448001738
Frederiksberg,Other,441.8853247126867,73795,0.005988011717767962
Frederiksberg,Other - Left,21765.911539900615,73795,0.29495103380853194
Frederiksberg,Other - Right,5697.394310610508,73795,0.0772056956516093
Frederiksberg,Socialdemokratiet (A),13559.560979487602,73795,0.1837463375498015
Frederiksberg,Socialistisk Folkeparti (F),9120.557102953304,73795,0.12359315811306056
Frederiksberg,Venstre (V),7093.627724021011,73795,0.09612612946705076
Frederikshavn,Danmarksdemokraterne (Æ),4263.638008112361,42757,0.09971789433571955
Frederikshavn,Did not vote,2018.0510528977902,42757,0.047198144231302246
Frederikshavn,Liberal Alliance (I),3983.3489350132836,42757,0.09316249818774197
Frederikshavn,Moderaterne (M),2901.3496355786615,42757,0.06785671669150459
Frederikshavn,Other,242.2131811232702,42757,0.0056648778240585215
Frederikshavn,Other - Left,2381.362853535231,42757,0.05569527454066541
Frederikshavn,Other - Right,4193.879946432802,42757,0.0980863939573123
Frederikshavn,Socialdemokratiet (A),15930.83609463137,42757,0.37259012780670697
Frederikshavn,Socialistisk Folkeparti (F),2391.738534858466,42757,0.055937940801704195
Frederikshavn,Venstre (V),4450.581757816766,42757,0.10409013162328429
Frederikssund,Danmarksdemokraterne (Æ),2248.3149415510547,34805,0.0645974699483136
Frederikssund,Did not vote,1573.2155889579412,34805,0.04520085013526623
Frederikssund,Liberal Alliance (I),3088.8230364430497,34805,0.08874653171794425
Frederikssund,Moderaterne (M),3659.7364418463167,34805,0.10514973256274433
Frederikssund,Other,190.93055581452802,34805,0.005485722046100504
Frederikssund,Other - Left,2582.836735334507,34805,0.07420878423601514
Frederikssund,Other - Right,4160.006773042814,34805,0.11952325163174296
Frederikssund,Socialdemokratiet (A),10229.745950357388,34805,0.2939159876557215
Frederikssund,Socialistisk Folkeparti (F),2485.9455051591885,34805,0.07142495345953709
Frederikssund,Venstre (V),4585.444471493214,34805,0.1317467166066144
Furesø,Danmarksdemokraterne (Æ),1032.1081815501673,27813,0.03710884052601903
Furesø,Did not vote,900.368692751162,27813,0.03237222495779535
Furesø,Liberal Alliance (I),2440.882062503644,27813,0.08776047396913832
Furesø,Moderaterne (M),2307.9035587586013,27813,0.08297931034978612
Furesø,Other,196.13007527561302,27813,0.0070517411022044734
Furesø,Other - Left,4682.490880312753,27813,0.16835619603468713
Furesø,Other - Right,2817.418689794731,27813,0.1012986261746209
Furesø,Socialdemokratiet (A),6516.4087587911745,27813,0.23429363099238393
Furesø,Socialistisk Folkeparti (F),2961.199062183532,27813,0.10646816460588689
Furesø,Venstre (V),3958.0900380786225,27813,0.1423107912874779
Gentofte,Danmarksdemokraterne (Æ),1458.0623683923855,49128,0.029678846449934567
Gentofte,Did not vote,1718.9527107900913,49128,0.034989267032854814
Gentofte,Liberal Alliance (I),4031.1546654868084,49128,0.08205411711217246
Gentofte,Moderaterne (M),4748.336169665797,49128,0.0966523402065176
Gentofte,Other,369.6906057932387,49128,0.0075250489698998274
Gentofte,Other - Left,7988.71971779176,49128,0.1626103183071112
Gentofte,Other - Right,8810.936377160955,49128,0.17934653104463757
Gentofte,Socialdemokratiet (A),9347.06108902592,49128,0.1902593447530109
Gentofte,Socialistisk Folkeparti (F),3895.5386098268846,49128,0.07929365351381869
Gentofte,Venstre (V),6759.547686066165,49128,0.13759053261004242
Gladsaxe,Danmarksdemokraterne (Æ),1866.7627026362054,43896,0.04252694328950714
Gladsaxe,Did not vote,1938.7452582864337,43896,0.04416678645631569
Gladsaxe,Liberal Alliance (I),3961.818535368254,43896,0.09025465954456566
Gladsaxe,Moderaterne (M),4114.587244483134,43896,0.09373490168769669
Gladsaxe,Other,238.4812062149621,43896,0.00543286874008935
Gladsaxe,Other - Left,6180.766378469724,43896,0.1408047744320604
Gladsaxe,Other - Right,3609.1361540076823,43896,0.08222016024256612
Gladsaxe,Socialdemokratiet (A),11097.786033109485,43896,0.2528199843518654
Gladsaxe,Socialistisk Folkeparti (F),7007.895417368138,43896,0.15964769950264573
Gladsaxe,Venstre (V),3880.0210700559824,43896,0.08839122175268777
Glostrup,Danmarksdemokraterne (Æ),933.1265626008661,16081,0.05802665024568535
Glostrup,Did not vote,746.5676003041189,16081,0.04642544619763192
Glostrup,Liberal Alliance (I),1683.7096051974554,16081,0.10470179747512315
Glostrup,Moderaterne (M),1867.4543202188913,16081,0.1161279970287228
Glostrup,Other,93.18589957641876,16081,0.00579478263642925
Glostrup,Other - Left,1644.854081244294,16081,0.10228555943313812
Glostrup,Other - Right,1747.6452887144135,16081,0.10867764994182037
Glostrup,Socialdemokratiet (A),4597.353640144837,16081,0.2858872980626104
Glostrup,Socialistisk Folkeparti (F),1287.8804458969582,16081,0.08008708699066963
Glostrup,Venstre (V),1479.2225561017465,16081,0.09198573198816905
Greve,Danmarksdemokraterne (Æ),2162.3559348011468,35637,0.06067727179058694
Greve,Did not vote,1644.66702371801,35637,0.04615054644661475
Greve,Liberal Alliance (I),4148.5237442639655,35637,0.1164105773287304
Greve,Moderaterne (M),3696.563118183319,35637,0.10372823521012765
Greve,Other,216.66039213284392,35637,0.006079647336555937
Greve,Other - Left,2969.459188867151,35637,0.08332517296257123
Greve,Other - Right,3916.5177009387994,35637,0.10990031991859021
Greve,Socialdemokratiet (A),9274.602771513122,35637,0.26025206306684406
Greve,Socialistisk Folkeparti (F),2506.216888684311,35637,0.0703262589074364
Greve,Venstre (V),5101.433236897333,35637,0.14314990703194244
Gribskov,Danmarksdemokraterne (Æ),2107.655597393977,31169,0.06762025080669823
Gribskov,Did not vote,1322.5662147017044,31169,0.04243210288112241
Gribskov,Liberal Alliance (I),3065.910516664009,31169,0.09836409627078214
Gribskov,Moderaterne (M),3128.934060845617,31169,0.10038609069413895
Gribskov,Other,202.51452607222,31169,0.006497305851077032
Gribskov,Other - Left,3035.8375137772655,31169,0.0973992593210326
Gribskov,Other - Right,4437.685648502403,31169,0.1423749766916617
Gribskov,Socialdemokratiet (A),8395.4870750897,31169,0.26935375132630823
Gribskov,Socialistisk Folkeparti (F),2151.627157310405,31169,0.06903099737913969
Gribskov,Venstre (V),3320.7816896426993,31169,0.10654116877803906
Guldborgsund,Danmarksdemokraterne (Æ),3248.3811216638805,44612,0.07281406620783377
Guldborgsund,Did not vote,2169.573119112016,44612,0.04863205234268842
Guldborgsund,Liberal Alliance (I),4138.470782895165,44612,0.0927658653029491
Guldborgsund,Moderaterne (M),3874.832366408123,44612,0.08685628006832519
Guldborgsund,Other,247.6848676656184,44612,0.0055519785632928
Guldborgsund,Other - Left,3156.5633144396393,44612,0.07075592473862725
Guldborgsund,Other - Right,5591.643955813362,44612,0.12533945924444906
Guldborgsund,Socialdemokratiet (A),14688.854954488066,44612,0.3292579340645581
Guldborgsund,Socialistisk Folkeparti (F),3058.373649983692,44612,0.06855495494449233
Guldborgsund,Venstre (V),4437.62186753044,44612,0.099471484522784
Haderslev,Danmarksdemokraterne (Æ),3037.3397093955746,38927,0.07802655507477008
Haderslev,Did not vote,1918.278888962374,38927,0.04927887812989375
Haderslev,Liberal Alliance (I),4056.619430801044,38927,0.1042109443522759
Haderslev,Moderaterne (M),2896.011333489993,38927,0.07439595482544231
Haderslev,Other,226.6124568461357,38927,0.005821472418787364
Haderslev,Other - Left,2731.789183297582,38927,0.07017723388130558
Haderslev,Other - Right,5374.753617164947,38927,0.13807263896947997
Haderslev,Socialdemokratiet (A),11562.310637722521,38927,0.29702547429091686
Haderslev,Socialistisk Folkeparti (F),2554.116989213901,38927,0.065612993274948
Haderslev,Venstre (V),4569.1677531059295,38927,0.11737785478218023
Halsnæs,Danmarksdemokraterne (Æ),1383.3022961462702,23082,0.059929914918389664
Halsnæs,Did not vote,1099.3558920603061,23082,0.0476282771016509
Halsnæs,Liberal Alliance (I),2021.2441288336452,23082,0.08756798062705334
Halsnæs,Moderaterne (M),2344.9687483403727,23082,0.101592961976448
Halsnæs,Other,130.70645818512568,23082,0.005662700727195463
Halsnæs,Other - Left,1914.782788965746,23082,0.08295567060764865
Halsnæs,Other - Right,2105.7030476796203,23082,0.09122706211245214
Halsnæs,Socialdemokratiet (A),7937.001143568748,23082,0.3438610667866194
Halsnæs,Socialistisk Folkeparti (F),1778.0422522523759,23082,0.07703155065645853
Halsnæs,Venstre (V),2366.893243967789,23082,0.10254281448608393
Hedensted,Danmarksdemokraterne (Æ),2193.218398134007,34015,0.06447797730807019
Hedensted,Did not vote,1461.2494735657313,34015,0.0429589732049311
Hedensted,Liberal Alliance (I),2765.5334823434837,34015,0.08130335094350974
Hedensted,Moderaterne (M),3539.797666786023,34015,0.10406578470633612
Hedensted,Other,164.33089932754737,34015,0.004831130363884974
Hedensted,Other - Left,2189.054432995384,34015,0.06435556175203246
Hedensted,Other - Right,3980.641207596124,34015,0.1170260534351352
Hedensted,Socialdemokratiet (A),9665.385473823624,34015,0.2841506827524217
Hedensted,Socialistisk Folkeparti (F),2289.4602746212704,34015,0.06730737247159402
Hedensted,Venstre (V),5766.328690806805,34015,0.1695231130620845
Helsingør,Danmarksdemokraterne (Æ),2728.740716189156,45934,0.05940568459505281
Helsingør,Did not vote,2105.431804367638,45934,0.04583602134296247
Helsingør,Liberal Alliance (I),5112.8727515552555,45934,0.1113091120206221
Helsingør,Moderaterne (M),4446.140292957645,45934,0.09679410225448785
Helsingør,Other,327.6750790754933,45934,0.007133606458734124
Helsingør,Other - Left,5341.630588680388,45934,0.11628925390082266
Helsingør,Other - Right,5524.081449919011,45934,0.1202612759593985
Helsingør,Socialdemokratiet (A),11636.05784193235,45934,0.2533212400821254
Helsingør,Socialistisk Folkeparti (F),3905.2233642207184,45934,0.08501814264424432
Helsingør,Venstre (V),4806.1461111023455,45934,0.10463156074154974
Herlev,Danmarksdemokraterne (Æ),1288.556608313661,19853,0.06490488129318799
Herlev,Did not vote,1061.5825131583983,19853,0.05347214593050916
Herlev,Liberal Alliance (I),2153.490159365595,19853,0.10847177551833954
Herlev,Moderaterne (M),1701.6569568008908,19853,0.08571283719341614
Herlev,Other,116.31072574899397,19853,0.005858596975217548
Herlev,Other - Left,2261.0022566498237,19853,0.11388718363218776
Herlev,Other - Right,2222.6963593482856,19853,0.11195770711470737
Herlev,Socialdemokratiet (A),5696.362386784539,19853,0.2869270330320122
Herlev,Socialistisk Folkeparti (F),1802.892765616752,19853,0.09081210726926671
Herlev,Venstre (V),1548.4492682130601,19853,0.0779957320411555
Herning,Danmarksdemokraterne (Æ),4628.88156451798,62523,0.0740348602037327
Herning,Did not vote,2847.39794762619,62523,0.045541607850330124
Herning,Liberal Alliance (I),6922.884906119184,62523,0.11072541154645785
Herning,Moderaterne (M),5437.351538886531,62523,0.08696562127355582
Herning,Other,356.7835885367208,62523,0.0057064374476068136
Herning,Other - Left,4553.760175200859,62523,0.07283336012668712
Herning,Other - Right,7370.152676709365,62523,0.11787906333204365
Herning,Socialdemokratiet (A),15997.116272594345,62523,0.25585970399044106
Herning,Socialistisk Folkeparti (F),3883.251963693879,62523,0.06210917524261279
Herning,Venstre (V),10525.41936611495,62523,0.16834475898653214
Hillerød,Danmarksdemokraterne (Æ),1716.5056306734189,37470,0.04581013158989642
Hillerød,Did not vote,1410.3207513164737,37470,0.0376386642998792
Hillerød,Liberal Alliance (I),3612.3467371619877,37470,0.09640637142145683
Hillerød,Moderaterne (M),3307.1096082085387,37470,0.08826019771039602
Hillerød,Other,220.10551811571077,37470,0.0058741798269471785
Hillerød,Other - Left,4638.016013191071,37470,0.12377945057889167
Hillerød,Other - Right,4451.599712887768,37470,0.11880436917234502
Hillerød,Socialdemokratiet (A),8375.546757265343,37470,0.22352673491500782
Hillerød,Socialistisk Folkeparti (F),4783.9814981992995,37470,0.12767497993593008
Hillerød,Venstre (V),4954.467772980388,37470,0.13222492054924975
Hjørring,Danmarksdemokraterne (Æ),4395.532174763564,46321,0.09489286014471977
Hjørring,Did not vote,1923.5634731203254,46321,0.04152681231234916
Hjørring,Liberal Alliance (I),4470.827054013711,46321,0.09651836216864297
Hjørring,Moderaterne (M),4013.869527619342,46321,0.08665334357244753
Hjørring,Other,267.62666471826475,46321,0.005777653002272506
Hjørring,Other - Left,2938.811747159077,46321,0.06344447976423387
Hjørring,Other - Right,5258.802541230939,46321,0.11352955551976293
Hjørring,Socialdemokratiet (A),14437.895409885261,46321,0.31169222188392437
Hjørring,Socialistisk Folkeparti (F),3159.5248010662413,46321,0.06820933919963389
Hjørring,Venstre (V),5454.546606423276,46321,0.11775537243201303
Holbæk,Danmarksdemokraterne (Æ),3021.61043479565,53926,0.056032534117042794
Holbæk,Did not vote,2674.446353342478,53926,0.04959474749364829
Holbæk,Liberal Alliance (I),4454.727798884697,53926,0.08260816301755548
Holbæk,Moderaterne (M),4405.008067974356,53926,0.08168616377951926
Holbæk,Other,280.3448641715513,53926,0.005198695697280557
Holbæk,Other - Left,4231.659946946485,53926,0.07847160825847431
Holbæk,Other - Right,5183.065059055338,53926,0.09611439860281382
Holbæk,Socialdemokratiet (A),17144.44310447278,53926,0.31792536261678556
Holbæk,Socialistisk Folkeparti (F),7475.215160065433,53926,0.1386198709354566
Holbæk,Venstre (V),5055.479210291232,53926,0.0937484554814233
Holstebro,Danmarksdemokraterne (Æ),3139.064453070289,41885,0.07494483593339595
Holstebro,Did not vote,1882.8602350878832,41885,0.04495309144294815
Holstebro,Liberal Alliance (I),3732.162260276616,41885,0.08910498412979864
Holstebro,Moderaterne (M),2614.888374172167,41885,0.06243018680129323
Holstebro,Other,208.91453366375367,41885,0.00498781266954169
Holstebro,Other - Left,3081.5409499773114,41885,0.07357146830553447
Holstebro,Other - Right,4302.043553379116,41885,0.10271084047699931
Holstebro,Socialdemokratiet (A),11646.611842623748,41885,0.2780616412229616
Holstebro,Socialistisk Folkeparti (F),2688.0382811077066,41885,0.0641766331886763
Holstebro,Venstre (V),8588.87551664141,41885,0.20505850582885066
Horsens,Danmarksdemokraterne (Æ),3886.167153960965,65249,0.05955903008415401
Horsens,Did not vote,2912.8386152587987,65249,0.044641888998433674
Horsens,Liberal Alliance (I),7223.3070550909215,65249,0.11070372044155345
Horsens,Moderaterne (M),6527.86547168895,65249,0.10004544853850557
Horsens,Other,373.0647808678355,65249,0.005717555531392597
Horsens,Other - Left,5600.961749297869,65249,0.08583980979475346
Horsens,Other - Right,8542.275856333648,65249,0.1309181114857492
Horsens,Socialdemokratiet (A),18521.133533736418,65249,0.2838531400287578
Horsens,Socialistisk Folkeparti (F),4232.149072195897,65249,0.06486151622547315
Horsens,Venstre (V),7429.236711568699,65249,0.11385977887122714
Hvidovre,Danmarksdemokraterne (Æ),2328.336697277155,34832,0.06684476048682692
Hvidovre,Did not vote,1555.5868952373344,34832,0.0446597064549074
Hvidovre,Liberal Alliance (I),3767.7114620539496,34832,0.10816810582378128
Hvidovre,Moderaterne (M),2682.8001166552885,34832,0.07702113334449037
Hvidovre,Other,187.66974298853657,34832,0.005387854357732446
Hvidovre,Other - Left,4167.658459107255,34832,0.11965027730555969
Hvidovre,Other - Right,3513.7931574880618,34832,0.10087830608314372
Hvidovre,Socialdemokratiet (A),9803.645240728894,34832,0.2814551343801359
Hvidovre,Socialistisk Folkeparti (F),4658.497953647582,34832,0.13374190266558286
Hvidovre,Venstre (V),2166.3002748159424,34832,0.062192819097839414
Høje-Taastrup,Danmarksdemokraterne (Æ),2447.0366551721363,33918,0.07214566469638942
Høje-Taastrup,Did not vote,1737.8717233830891,33918,0.051237446883162015
Høje-Taastrup,Liberal Alliance (I),4227.6476076222425,33918,0.12464318673336407
Høje-Taastrup,Moderaterne (M),2496.116684303259,33918,0.0735926848370558
Høje-Taastrup,Other,221.8554712161418,33918,0.006540936116992211
Høje-Taastrup,Other - Left,3623.8362679444344,33918,0.10684109522803333
Høje-Taastrup,Other - Right,4476.970659888662,33918,0.13199394598409878
Høje-Taastrup,Socialdemokratiet (A),9403.183114904381,33918,0.2772328296156725
Høje-Taastrup,Socialistisk Folkeparti (F),2520.152436118451,33918,0.07430132779404597
Høje-Taastrup,Venstre (V),2763.3293794472047,33918,0.08147088211118594
Hørsholm,Danmarksdemokraterne (Æ),612.6662258175938,17785,0.03444848050703367
Hørsholm,Did not vote,602.3277382282221,17785,0.033867176734788985
Hørsholm,Liberal Alliance (I),1559.5217695444414,17785,0.08768747649954689
Hørsholm,Moderaterne (M),1997.5093422235818,17785,0.11231427282674061
Hørsholm,Other,155.79551697176467,17785,0.0087599391044006
Hørsholm,Other - Left,1854.899382414169,17785,0.10429572012449642
Hørsholm,Other - Right,2113.058158418606,17785,0.11881125433897138
Hørsholm,Socialdemokratiet (A),3646.7089608353203,17785,0.20504407988953166
Hørsholm,Socialistisk Folkeparti (F),1320.0146209673987,17785,0.07422067028211407
Hørsholm,Venstre (V),3922.4982845789013,17785,0.22055092969237566
Ikast-Brande,Danmarksdemokraterne (Æ),2272.6754717512194,28415,0.07998154044523031
Ikast-Brande,Did not vote,1298.641804612168,28415,0.04570268536379265
Ikast-Brande,Liberal Alliance (I),2902.352716986413,28415,0.10214157019132193
Ikast-Brande,Moderaterne (M),2225.0741400443453,28415,0.07830632201458192
Ikast-Brande,Other,150.41305723509154,28415,0.005293438579450697
Ikast-Brande,Other - Left,1938.5631493256087,28415,0.06822323242391726
Ikast-Brande,Other - Right,3272.9912747130857,28415,0.11518533432036197
Ikast-Brande,Socialdemokratiet (A),7482.981459988596,28415,0.26334617138794986
Ikast-Brande,Socialistisk Folkeparti (F),1793.1552137751137,28415,0.0631059374898861
Ikast-Brande,Venstre (V),5078.15171156836,28415,0.1787137677835073
Ishøj,Danmarksdemokraterne (Æ),845.0863712918233,12968,0.06516705515822203
Ishøj,Did not vote,836.8432373184871,12968,0.0645314032478784
Ishøj,Liberal Alliance (I),1319.8105682158593,12968,0.10177441149104406
Ishøj,Moderaterne (M),1399.0706446841266,12968,0.10788638530876979
Ishøj,Other,77.7840422835248,12968,0.005998152551166317
Ishøj,Other - Left,1305.859094267399,12968,0.10069857296941695
Ishøj,Other - Right,1689.3267775479321,12968,0.13026887550493
Ishøj,Socialdemokratiet (A),3606.058767818321,12968,0.2780736249088773
Ishøj,Socialistisk Folkeparti (F),843.5992989116896,12968,0.06505238270447945
Ishøj,Venstre (V),1044.561197660837,12968,0.08054913615521568
Jammerbugt,Danmarksdemokraterne (Æ),2892.7465383262033,28003,0.10330130837146746
Jammerbugt,Did not vote,1188.5800487055624,28003,0.0424447398030769
Jammerbugt,Liberal Alliance (I),3084.415031753829,28003,0.11014587836138376
Jammerbugt,Moderaterne (M),2596.3661334463714,28003,0.09271742789866698
Jammerbugt,Other,173.51895361596544,28003,0.006196441581829284
Jammerbugt,Other - Left,1787.734155919928,28003,0.06384080833910395
Jammerbugt,Other - Right,2435.8177029095077,28003,0.086984169657162
Jammerbugt,Socialdemokratiet (A),9068.41572460516,28003,0.3238372933116152
Jammerbugt,Socialistisk Folkeparti (F),1617.898441959872,28003,0.05777589693818062
Jammerbugt,Venstre (V),3157.507268757601,28003,0.11275603573751387
Kalundborg,Danmarksdemokraterne (Æ),3038.015979530364,35471,0.0856478807907971
Kalundborg,Did not vote,1771.3843514031091,35471,0.049938945939023684
Kalundborg,Liberal Alliance (I),3158.427463592436,35471,0.08904252667227978
Kalundborg,Moderaterne (M),3690.350214491881,35471,0.1040385163793488
Kalundborg,Other,193.80609651158144,35471,0.005463790040077287
Kalundborg,Other - Left,2316.78659077069,35471,0.06531494998084886
Kalundborg,Other - Right,4001.479763136398,35471,0.11280989436825571
Kalundborg,Socialdemokratiet (A),11001.683258844741,35471,0.31015994076413805
Kalundborg,Socialistisk Folkeparti (F),2445.3808802352974,35471,0.06894028587396175
Kalundborg,Venstre (V),3853.6854014835026,35471,0.108643269191269
Kerteminde,Danmarksdemokraterne (Æ),1346.7891782446177,17707,0.07605970397270106
Kerteminde,Did not vote,748.1164628490053,17707,0.042249757883831555
Kerteminde,Liberal Alliance (I),1604.2232010565194,17707,0.09059824933961255
Kerteminde,Moderaterne (M),2135.2379339166964,17707,0.12058722165904424
Kerteminde,Other,99.99325382216155,17707,0.005647103056540439
Kerteminde,Other - Left,1171.163065173946,17707,0.0661412472566751
Kerteminde,Other - Right,2269.0646451741077,17707,0.12814506382640242
Kerteminde,Socialdemokratiet (A),5792.199456334012,17707,0.32711354020071226
Kerteminde,Socialistisk Folkeparti (F),1243.1012877069898,17707,0.07020394689710226
Kerteminde,Venstre (V),1297.111515721945,17707,0.07325416590737815
Kolding,Danmarksdemokraterne (Æ),5888.622712064231,65771,0.0895322058667837
Kolding,Did not vote,2868.5182437696567,65771,0.043613724039008935
Kolding,Liberal Alliance (I),8664.24035229421,65771,0.13173344410597695
Kolding,Moderaterne (M),5317.958162307645,65771,0.08085566833874572
Kolding,Other,426.78373297897866,65771,0.006488934834181914
Kolding,Other - Left,5606.438232548538,65771,0.08524179703134417
Kolding,Other - Right,8254.212528628179,65771,0.12549927063034133
Kolding,Socialdemokratiet (A),16901.785310804928,65771,0.2569792965106951
Kolding,Socialistisk Folkeparti (F),4741.697650055218,65771,0.07209404828959903
Kolding,Venstre (V),7100.743074548421,65771,0.1079616103533232
Køge,Danmarksdemokraterne (Æ),2129.0927647227363,44164,0.048208784637323074
Køge,Did not vote,1848.8912151854706,44164,0.04186421554174148
Køge,Liberal Alliance (I),3780.0637544887236,44164,0.08559151694793776
Køge,Moderaterne (M),3509.88764298341,44164,0.07947395260808374
Køge,Other,225.32590401044084,44164,0.0051020266282592345
Køge,Other - Left,4178.13828944315,44164,0.09460506950102232
Køge,Other - Right,3615.3687311773074,44164,0.0818623478665272
Køge,Socialdemokratiet (A),10621.939471923268,44164,0.24051126419534616
Køge,Socialistisk Folkeparti (F),8242.048655665798,44164,0.18662369023788147
Køge,Venstre (V),6013.2435703997,44164,0.13615713183587763
Langeland,Danmarksdemokraterne (Æ),956.9806551526231,9411,0.10168745671582437
Langeland,Did not vote,471.5500714005672,9411,0.050106266220440676
Langeland,Liberal Alliance (I),814.4976846153207,9411,0.08654741096751895
Langeland,Moderaterne (M),623.5759105194363,9411,0.06626032414402681
Langeland,Other,58.47096748736756,9411,0.006213045105447621
Langeland,Other - Left,578.1837514073792,9411,0.06143701534453078
Langeland,Other - Right,839.7739218022107,9411,0.08923322939137293
Langeland,Socialdemokratiet (A),3436.989142671075,9411,0.36520976970259006
Langeland,Socialistisk Folkeparti (F),537.5715133307386,9411,0.05712161442256281
Langeland,Venstre (V),1093.4063816132818,9411,0.11618386798568503
Lejre,Danmarksdemokraterne (Æ),1203.5677261982003,21050,0.05717661407117341
Lejre,Did not vote,734.7843665999092,21050,0.03490662074108832
Lejre,Liberal Alliance (I),1592.4732149110678,21050,0.07565193420005073
Lejre,Moderaterne (M),1698.6837142309907,21050,0.08069756362142474
Lejre,Other,101.84735368143475,21050,0.004838354094129917
Lejre,Other - Left,2234.2155733124487,21050,0.10613850704572203
Lejre,Other - Right,1523.8316586065446,21050,0.07239105266539404
Lejre,Socialdemokratiet (A),5341.604829645334,21050,0.25375794915179734
Lejre,Socialistisk Folkeparti (F),4027.670081378561,21050,0.19133824614624992
Lejre,Venstre (V),2591.321481435511,21050,0.12310315826296965
Lemvig,Danmarksdemokraterne (Æ),1284.5605805594842,13758,0.09336826432326531
Lemvig,Did not vote,553.1496352993748,13758,0.0402056719944305
Lemvig,Liberal Alliance (I),1201.8253614643902,13758,0.08735465630646826
Lemvig,Moderaterne (M),910.1691503433674,13758,0.06615562947691288
Lemvig,Other,71.24724372412152,13758,0.0051786047190086875
Lemvig,Other - Left,848.1476122029279,13758,0.06164759501402296
Lemvig,Other - Right,1353.9834808899284,13758,0.0984142666732031
Lemvig,Socialdemokratiet (A),4054.6953938257802,13758,0.29471546691566947
Lemvig,Socialistisk Folkeparti (F),751.351425170226,13758,0.05461196577774575
Lemvig,Venstre (V),2728.8701165204,13758,0.19834787879927315
Lolland,Danmarksdemokraterne (Æ),2238.9563487016267,29005,0.0771920823548225
Lolland,Did not vote,1712.723657299074,29005,0.059049255552459025
Lolland,Liberal Alliance (I),2268.870176597612,29005,0.07822341584546154
Lolland,Moderaterne (M),2707.2084947276257,29005,0.09333592465877007
Lolland,Other,157.5828700585638,29005,0.00543295535454452
Lolland,Other - Left,1520.082580677873,29005,0.05240760491907854
Lolland,Other - Right,3042.239944262335,29005,0.10488674174322823
Lolland,Socialdemokratiet (A),11066.776008739254,29005,0.38154718182172914
Lolland,Socialistisk Folkeparti (F),1605.2226724869377,29005,0.0553429640574707
Lolland,Venstre (V),2685.3372464490985,29005,0.09258187369243574
Lyngby-Taarbæk,Danmarksdemokraterne (Æ),1158.0093642844192,37912,0.03054466565426301
Lyngby-Taarbæk,Did not vote,1298.8442438972402,37912,0.03425944935369382
Lyngby-Taarbæk,Liberal Alliance (I),3084.7953086728753,37912,0.08136725334123432
Lyngby-Taarbæk,Moderaterne (M),4516.26097620039,37912,0.11912484111100417
Lyngby-Taarbæk,Other,238.68799032465725,37912,0.00629584274964806
Lyngby-Taarbæk,Other - Left,6878.233714764636,37912,0.18142629549389733
Lyngby-Taarbæk,Other - Right,3499.7526200872885,37912,0.09231252954439989
Lyngby-Taarbæk,Socialdemokratiet (A),7632.860343971537,37912,0.2013309860722604
Lyngby-Taarbæk,Socialistisk Folkeparti (F),6042.6807658546995,37912,0.15938702167795685
Lyngby-Taarbæk,Venstre (V),3561.8746719422584,37912,0.09395111500164219
Mariagerfjord,Danmarksdemokraterne (Æ),2855.3832667478805,30373,0.09401057737951077
Mariagerfjord,Did not vote,1329.1176025257096,30373,0.04375983941414116
Mariagerfjord,Liberal Alliance (I),3259.873870513548,30373,0.10732801733492076
Mariagerfjord,Moderaterne (M),2229.977929559262,30373,0.0734197454831351
Mariagerfjord,Other,183.01897624479858,30373,0.006025712845118974
Mariagerfjord,Other - Left,1993.5241846823715,30373,0.06563474746262705
Mariagerfjord,Other - Right,3581.223508107218,30373,0.11790812590482395
Mariagerfjord,Socialdemokratiet (A),9713.418999107427,30373,0.31980439861414506
Mariagerfjord,Socialistisk Folkeparti (F),1995.5271381560428,30373,0.06570069265979794
Mariagerfjord,Venstre (V),3231.9345243557423,30373,0.10640814290177929
Middelfart,Danmarksdemokraterne (Æ),1855.58172931727,29789,0.06229083652748565
Middelfart,Did not vote,1133.6785473791342,29789,0.03805695214270819
Middelfart,Liberal Alliance (I),2815.1624489082883,29789,0.09450342236759503
Middelfart,Moderaterne (M),2979.0003299249647,29789,0.10000336801923411
Middelfart,Other,160.6952088459245,29789,0.00539444791184412
Middelfart,Other - Left,2198.845183833843,29789,0.07381399791311702
Middelfart,Other - Right,3174.4598139484124,29789,0.10656483312459003
Middelfart,Socialdemokratiet (A),10087.7969521191,29789,0.3386416782073618
Middelfart,Socialistisk Folkeparti (F),2211.6427407768774,29789,0.07424360471237294
Middelfart,Venstre (V),3172.1370449461847,29789,0.10648685907369111
Morsø,Danmarksdemokraterne (Æ),1441.1086100685357,14423,0.09991739652419994
Morsø,Did not vote,682.2360600258137,14423,0.04730195243886942
Morsø,Liberal Alliance (I),1359.845627310208,14423,0.09428313300355044
Morsø,Moderaterne (M),1010.2425985185762,14423,0.07004386039787673
Morsø,Other,76.95485777337848,14423,0.005335565261968971
Morsø,Other - Left,834.2549922186583,14423,0.057841987951096054
Morsø,Other - Right,1329.7439061809046,14423,0.09219606920757849
Morsø,Socialdemokratiet (A),5121.376180575176,14423,0.35508397563441557
Morsø,Socialistisk Folkeparti (F),860.1856590314035,14423,0.0596398571054152
Morsø,Venstre (V),1707.051508297346,14423,0.11835620247502918
Norddjurs,Danmarksdemokraterne (Æ),1895.858263401968,26983,0.07026121125901376
Norddjurs,Did not vote,1436.7329493166433,26983,0.05324585662515818
Norddjurs,Liberal Alliance (I),3504.488981586009,26983,0.12987766303176107
Norddjurs,Moderaterne (M),2170.6102472261587,26983,0.08044362180729195
Norddjurs,Other,180.81309380386588,26983,0.0067010004003952815
Norddjurs,Other - Left,1635.0747225417442,26983,0.06059647639409051
Norddjurs,Other - Right,2807.2655358655757,26983,0.10403830322297652
Norddjurs,Socialdemokratiet (A),8895.11016018275,26983,0.3296560856903514
Norddjurs,Socialistisk Folkeparti (F),1566.244699836657,26983,0.058045610192960645
Norddjurs,Venstre (V),2890.801346238629,26983,0.10713417137600077
Nordfyns,Danmarksdemokraterne (Æ),1866.4944315768728,21055,0.08864851254224046
Nordfyns,Did not vote,941.5153726738477,21055,0.04471694954518393
Nordfyns,Liberal Alliance (I),1977.382367856417,21055,0.09391509702476453
Nordfyns,Moderaterne (M),2221.9748014141765,21055,0.10553193072496682
Nordfyns,Other,113.08913578898665,21055,0.005371129697885854
Nordfyns,Other - Left,1257.2270426026805,21055,0.059711566972342936
Nordfyns,Other - Right,2425.4100278904666,21055,0.1151940169978849
Nordfyns,Socialdemokratiet (A),6673.2209982459135,21055,0.31694234140327304
Nordfyns,Socialistisk Folkeparti (F),1361.3306064845583,21055,0.06465593001588973
Nordfyns,Venstre (V),2217.35521546608,21055,0.1053125250755678
Nyborg,Danmarksdemokraterne (Æ),1814.6195624035397,23992,0.07563435988677641
Nyborg,Did not vote,1007.708937238153,23992,0.04200187300925946
Nyborg,Liberal Alliance (I),2249.1404081994497,23992,0.0937454321523612
Nyborg,Moderaterne (M),2190.739008624683,23992,0.09131122910239592
Nyborg,Other,137.14340060519137,23992,0.005716213763137353
Nyborg,Other - Left,1817.2992021169923,23992,0.07574604877113172
Nyborg,Other - Right,2782.6405860813925,23992,0.11598201842620008
Nyborg,Socialdemokratiet (A),7505.382690432044,23992,0.31282855495298617
Nyborg,Socialistisk Folkeparti (F),1664.4771445505232,23992,0.06937633980287276
Nyborg,Venstre (V),2822.8490597480322,23992,0.11765793013287897
Næstved,Danmarksdemokraterne (Æ),4398.570961010966,62181,0.07073818306252659
Næstved,Did not vote,3078.576124979098,62181,0.04950991661406375
Næstved,Liberal Alliance (I),6737.713053649536,62181,0.10835646023141371
Næstved,Moderaterne (M),4641.909828033384,62181,0.07465157890727687
Næstved,Other,374.67114199412936,62181,0.006025492385039311
Næstved,Other - Left,4460.196458732741,62181,0.0717292494288085
Næstved,Other - Right,7950.74022374452,62181,0.12786446380316369
Næstved,Socialdemokratiet (A),19191.211123491183,62181,0.30863464922550593
Næstved,Socialistisk Folkeparti (F),6082.626057390487,62181,0.09782129681720281
Næstved,Venstre (V),5264.785026973957,62181,0.08466870952499891
Odder,Danmarksdemokraterne (Æ),1037.5452534327897,17499,0.059291688292633274
Odder,Did not vote,664.6955808662583,17499,0.03798477517951073
Odder,Liberal Alliance (I),1500.8249090111744,17499,0.08576632430488454
Odder,Moderaterne (M),1557.129912920102,17499,0.08898393696326087
Odder,Other,92.1039922142671,17499,0.005263386034302937
Odder,Other - Left,1726.0158317006674,17499,0.09863511238931752
Odder,Other - Right,1664.0666086824258,17499,0.09509495449353825
Odder,Socialdemokratiet (A),5374.479728834469,17499,0.3071306776864089
Odder,Socialistisk Folkeparti (F),2001.4643707202774,17499,0.11437592837992328
Odder,Venstre (V),1880.6738116175695,17499,0.10747321627621975
Odense,Danmarksdemokraterne (Æ),7338.773738216452,151065,0.0485802385609933
Odense,Did not vote,7278.139504389548,151065,0.048178860122394654
Odense,Liberal Alliance (I),15191.52839917071,151065,0.10056285969066765
Odense,Moderaterne (M),13358.62399740941,151065,0.08842964285181484
Odense,Other,825.7007825705355,151065,0.005465864247645288
Odense,Other - Left,20154.947131328827,151065,0.13341903903173355
Odense,Other - Right,17339.089941652346,151065,0.11477900202993642
Odense,Socialdemokratiet (A),37982.822553965154,151065,0.2514336381952481
Odense,Socialistisk Folkeparti (F),17842.630774834863,151065,0.11811227468199029
Odense,Venstre (V),13752.743176462162,151065,0.09103858058757595
Odsherred,Danmarksdemokraterne (Æ),2613.7803707887692,25091,0.10417202864727469
Odsherred,Did not vote,1172.8610590568385,25091,0.04674429313526119
Odsherred,Liberal Alliance (I),2204.017776189425,25091,0.08784096991707883
Odsherred,Moderaterne (M),2087.4752614430963,25091,0.08319617637571625
Odsherred,Other,144.75947799693432,25091,0.005769378581839477
Odsherred,Other - Left,1827.4453598766343,25091,0.0728327033548537
Odsherred,Other - Right,2805.5782489734293,25091,0.11181611928474071
Odsherred,Socialdemokratiet (A),8183.159977821251,25091,0.3261392522347157
Odsherred,Socialistisk Folkeparti (F),1772.862307526242,25091,0.07065729973003236
Odsherred,Venstre (V),2279.0601603273813,25091,0.09083177873848716
Randers,Danmarksdemokraterne (Æ),5176.64506150378,72241,0.07165799285037278
Randers,Did not vote,3504.627484373446,72241,0.04851299794262878
Randers,Liberal Alliance (I),9573.914651564004,72241,0.13252743804161077
Randers,Moderaterne (M),5608.739500071363,72241,0.07763928378720343
Randers,Other,469.97158718915006,72241,0.0065056074416072595
Randers,Other - Left,5367.633793424316,72241,0.07430176483471042
Randers,Other - Right,7725.117718663359,72241,0.10693536521730539
Randers,Socialdemokratiet (A),22289.458467342003,72241,0.3085430498933016
Randers,Socialistisk Folkeparti (F),4753.710608996933,72241,0.06580349952238941
Randers,Venstre (V),7771.1811268716465,72241,0.10757300046887013
Rebild,Danmarksdemokraterne (Æ),1404.4045599042784,21872,0.06421015727433606
Rebild,Did not vote,801.9712375586829,21872,0.036666570846684475
Rebild,Liberal Alliance (I),2166.1028707601167,21872,0.0990354275219512
Rebild,Moderaterne (M),2511.6962008786513,21872,0.11483614671171595
Rebild,Other,114.16366500163959,21872,0.005219626234529973
Rebild,Other - Left,1728.8587665743212,21872,0.07904438398748725
Rebild,Other - Right,2239.031512336578,21872,0.10236976556037757
Rebild,Socialdemokratiet (A),6767.7603721490905,21872,0.3094257668319811
Rebild,Socialistisk Folkeparti (F),1611.3008421732718,21872,0.07366957032613715
Rebild,Venstre (V),2526.7099726633705,21872,0.11552258470479931
Ringkøbing-Skjern,Danmarksdemokraterne (Æ),2687.9402684902802,37949,0.07083033198477642
Ringkøbing-Skjern,Did not vote,1599.5528113058579,37949,0.042150064858253386
Ringkøbing-Skjern,Liberal Alliance (I),3262.3441682039006,37949,0.08596653846488446
Ringkøbing-Skjern,Moderaterne (M),2383.670239320952,37949,0.06281246513270315
Ringkøbing-Skjern,Other,191.23428839687966,37949,0.005039244470127794
Ringkøbing-Skjern,Other - Left,2640.8793483240324,37949,0.06959022235958873
Ringkøbing-Skjern,Other - Right,4492.741787865845,37949,0.11838893746517287
Ringkøbing-Skjern,Socialdemokratiet (A),9667.18186856213,37949,0.2547414126475567
Ringkøbing-Skjern,Socialistisk Folkeparti (F),1834.7773021597698,37949,0.048348501993722356
Ringkøbing-Skjern,Venstre (V),9188.677917370354,37949,0.24213228062321418
Ringsted,Danmarksdemokraterne (Æ),1557.631648888857,24520,0.06352494489758796
Ringsted,Did not vote,1131.5498309891975,24520,0.04614803552158228
Ringsted,Liberal Alliance (I),2378.8074948079534,24520,0.09701498755334231
Ringsted,Moderaterne (M),2190.313304974455,24520,0.08932762255197615
Ringsted,Other,127.41750743641217,24520,0.005196472570816157
Ringsted,Other - Left,2066.1599274032897,24520,0.08426427110127609
Ringsted,Other - Right,3310.384005929242,24520,0.1350075043201159
Ringsted,Socialdemokratiet (A),6602.355613545577,24520,0.26926409516906924
Ringsted,Socialistisk Folkeparti (F),2463.101236796842,24520,0.10045274212058898
Ringsted,Venstre (V),2692.2794292281746,24520,0.10979932419364496
Roskilde,Danmarksdemokraterne (Æ),2738.870149452683,65337,0.041919129275183785
Roskilde,Did not vote,2630.976140299736,65337,0.04026778303717245
Roskilde,Liberal Alliance (I),6166.450196456613,65337,0.09437914499374954
Roskilde,Moderaterne (M),4816.632240844229,65337,0.07371982553291748
Roskilde,Other,358.8890946175851,65337,0.005492892153260558
Roskilde,Other - Left,8469.654703092845,65337,0.12963029681639568
Roskilde,Other - Right,4265.7849871996605,65337,0.06528896317859192
Roskilde,Socialdemokratiet (A),15462.94741840846,65337,0.23666448441784071
Roskilde,Socialistisk Folkeparti (F),11785.455982928024,65337,0.18037950905196173
Roskilde,Venstre (V),8641.339086700165,65337,0.13225797154292615
Rudersdal,Danmarksdemokraterne (Æ),1115.8671559178752,38455,0.029017479025299053
Rudersdal,Did not vote,1284.413897186519,38455,0.03340043940154776
Rudersdal,Liberal Alliance (I),3268.771479460855,38455,0.08500250889249396
Rudersdal,Moderaterne (M),2878.0246473756915,38455,0.07484136386362479
Rudersdal,Other,306.3285457851965,38455,0.007965896392801887
Rudersdal,Other - Left,6794.631448835403,38455,0.17669045504707848
Rudersdal,Other - Right,5773.638961128852,38455,0.1501401368126083
Rudersdal,Socialdemokratiet (A),7266.393034991205,38455,0.18895834182788207
Rudersdal,Socialistisk Folkeparti (F),2961.6186906892403,38455,0.07701517853827175
Rudersdal,Venstre (V),6805.312138629163,38455,0.17696820019839196
Rødovre,Danmarksdemokraterne (Æ),1453.4487470706506,28263,0.05142584817856033
Rødovre,Did not vote,1320.4498767274147,28263,0.04672008904671884
Rødovre,Liberal Alliance (I),2530.152461485024,28263,0.08952172315341698
Rødovre,Moderaterne (M),2618.8374766232096,28263,0.0926595717589502
Rødovre,Other,148.7415519537964,28263,0.00526276587601445
Rødovre,Other - Left,3372.9070979372127,28263,0.11934002398673929
Rødovre,Other - Right,3089.0552335441157,28263,0.10929679204416076
Rødovre,Socialdemokratiet (A),8263.880995419986,28263,0.29239220873297195
Rødovre,Socialistisk Folkeparti (F),3283.399123868457,28263,0.11617305749101146
Rødovre,Venstre (V),2182.1274353701338,28263,0.07720791973145574
Silkeborg,Danmarksdemokraterne (Æ),4314.389905675885,71953,0.05996122337742533
Silkeborg,Did not vote,2817.2075166849163,71953,0.03915344067217373
Silkeborg,Liberal Alliance (I),6771.338035654923,71953,0.09410779308235825
Silkeborg,Moderaterne (M),5276.312639481085,71953,0.07332998817952115
Silkeborg,Other,374.89049368610625,71953,0.005210213523912919
Silkeborg,Other - Left,7489.0631060232945,71953,0.10408270824042493
Silkeborg,Other - Right,7865.397274651839,71953,0.10931298590262865
Silkeborg,Socialdemokratiet (A),19227.77644860669,71953,0.2672268904508039
Silkeborg,Socialistisk Folkeparti (F),6169.858038594628,71953,0.085748447439226
Silkeborg,Venstre (V),11646.766540940633,71953,0.1618663091315252
Skanderborg,Danmarksdemokraterne (Æ),1957.1184141379015,45361,0.043145398340819235
Skanderborg,Did not vote,1457.07995323202,45361,0.032121865770860875
Skanderborg,Liberal Alliance (I),3520.1914552932176,45361,0.07760392088563342
Skanderborg,Moderaterne (M),4728.085335409057,45361,0.10423238763274745
Skanderborg,Other,207.7392535650021,45361,0.004579688577522587
Skanderborg,Other - Left,5176.74269679327,45361,0.11412320488510548
Skanderborg,Other - Right,4739.598322447358,45361,0.10448619568456072
Skanderborg,Socialdemokratiet (A),11805.832975317975,45361,0.2602639486633446
Skanderborg,Socialistisk Folkeparti (F),5467.438151644367,45361,0.1205316935615257
Skanderborg,Venstre (V),6301.173442159831,45361,0.13891169599787992
Skive,Danmarksdemokraterne (Æ),3417.9882295344096,32766,0.10431508971294665
Skive,Did not vote,1464.3951041495156,32766,0.044692519811680265
Skive,Liberal Alliance (I),2940.1761411430634,32766,0.08973253192770138
Skive,Moderaterne (M),2884.742117416899,32766,0.08804071651763715
Skive,Other,172.73831053683796,32766,0.005271876656803942
Skive,Other - Left,1955.9635348714153,32766,0.05969491347346076
Skive,Other - Right,3691.7267094029326,32766,0.11266943506692707
Skive,Socialdemokratiet (A),10028.557564034973,32766,0.306065969725782
Skive,Socialistisk Folkeparti (F),2088.7879146617497,32766,0.06374863928040499
Skive,Venstre (V),4120.924374248207,32766,0.12576830782665588
Slagelse,Danmarksdemokraterne (Æ),3618.6002225668694,58837,0.06150211979820299
Slagelse,Did not vote,2879.4056078899116,58837,0.04893868837449074
Slagelse,Liberal Alliance (I),5890.162261569293,58837,0.10010983329485346
Slagelse,Moderaterne (M),7461.124179405574,58837,0.1268100715435113
Slagelse,Other,345.9953568926731,58837,0.005880574415634263
Slagelse,Other - Left,4508.496402489319,58837,0.07662689128421434
Slagelse,Other - Right,5918.335727723704,58837,0.10058867256528552
Slagelse,Socialdemokratiet (A),16975.867542106673,58837,0.2885236762939421
Slagelse,Socialistisk Folkeparti (F),4139.770178732006,58837,0.07035998060288604
Slagelse,Venstre (V),7099.242520623979,58837,0.12065949182697926
Solrød,Danmarksdemokraterne (Æ),1214.7175639565003,17053,0.07123189843174223
Solrød,Did not vote,612.3486526339689,17053,0.035908558765845824
Solrød,Liberal Alliance (I),1959.46616093803,17053,0.11490448372356946
Solrød,Moderaterne (M),1590.5596773753243,17053,0.09327154620156713
Solrød,Other,102.96121913657905,17053,0.006037718825812411
Solrød,Other - Left,1468.8585699467835,17053,0.08613490705135657
Solrød,Other - Right,1554.2622764942219,17053,0.09114304090155526
Solrød,Socialdemokratiet (A),4200.636497180889,17053,0.2463282998405494
Solrød,Socialistisk Folkeparti (F),1751.4442027655161,17053,0.10270592873778901
Solrød,Venstre (V),2597.745179572187,17053,0.1523336175202127
Sorø,Danmarksdemokraterne (Æ),1249.954352798562,22481,0.055600478306061206
Sorø,Did not vote,1030.1302157707478,22481,0.045822259497831405
Sorø,Liberal Alliance (I),1762.699481172457,22481,0.07840841071004212
Sorø,Moderaterne (M),2323.7467117354627,22481,0.10336491756307382
Sorø,Other,110.91632009728005,22481,0.0049337805301045345
Sorø,Other - Left,1907.2726268553413,22481,0.08483931439239097
Sorø,Other - Right,2333.72071190425,22481,0.10380858110868066
Sorø,Socialdemokratiet (A),6736.586592619319,22481,0.2996568921586815
Sorø,Socialistisk Folkeparti (F),2566.5683610876386,22481,0.11416611187614602
Sorø,Venstre (V),2459.4046259589422,22481,0.10939925385698777
Stevns,Danmarksdemokraterne (Æ),1354.4515247128218,17559,0.07713716753304982
Stevns,Did not vote,788.5777612881104,17559,0.04491017491247283
Stevns,Liberal Alliance (I),1702.1210710278788,17559,0.0969372442068386
Stevns,Moderaterne (M),1343.457260973123,17559,0.0765110348523904
Stevns,Other,101.77335220673636,17559,0.005796079059555577
Stevns,Other - Left,1360.3323400190573,17559,0.07747208497175564
Stevns,Other - Right,1810.8026222076808,17559,0.10312675107965606
Stevns,Socialdemokratiet (A),5092.781256793727,17559,0.290038228645921
Stevns,Socialistisk Folkeparti (F),1747.7393744676447,17559,0.09953524542785151
Stevns,Venstre (V),2256.9634363032205,17559,0.1285359893105086
Struer,Danmarksdemokraterne (Æ),1371.1776707079996,14760,0.0928982161726287
Struer,Did not vote,639.2918681259622,14760,0.04331245719010584
Struer,Liberal Alliance (I),1494.46394275139,14760,0.10125094463085299
Struer,Moderaterne (M),1065.6462306559845,14760,0.07219825410948405
Struer,Other,82.4679520875853,14760,0.0055872596265301696
Struer,Other - Left,864.8895091963161,14760,0.05859685021655258
Struer,Other - Right,1213.9702817082632,14760,0.08224730905882542
Struer,Socialdemokratiet (A),5010.7727410162715,14760,0.3394832480363328
Struer,Socialistisk Folkeparti (F),926.2160589497001,14760,0.0627517655114973
Struer,Venstre (V),2091.1037448005277,14760,0.14167369544719022
Svendborg,Danmarksdemokraterne (Æ),3213.4562103435705,43977,0.07307129204683291
Svendborg,Did not vote,1686.538905899464,43977,0.03835047651953212
Svendborg,Liberal Alliance (I),3668.3202014483436,43977,0.08341451671210733
Svendborg,Moderaterne (M),4799.289107681627,43977,0.10913179861476742
Svendborg,Other,239.83319192305333,43977,0.005453605110013264
Svendborg,Other - Left,4362.426909377255,43977,0.0991979195801727
Svendborg,Other - Right,4187.058830288388,43977,0.09521019692767556
Svendborg,Socialdemokratiet (A),14262.96243967432,43977,0.32432777223717674
Svendborg,Socialistisk Folkeparti (F),4027.7800008327513,43977,0.09158833028248292
Svendborg,Venstre (V),3529.3342025312295,43977,0.08025409196923913
Syddjurs,Danmarksdemokraterne (Æ),2599.665993049279,32291,0.08050744768044592
Syddjurs,Did not vote,1293.5604014020314,32291,0.04005947172283396
Syddjurs,Liberal Alliance (I),3995.176337375107,32291,0.12372414410749456
Syddjurs,Moderaterne (M),2330.453203741692,32291,0.0721703633749866
Syddjurs,Other,213.3690497754929,32291,0.006607694087377068
Syddjurs,Other - Left,3291.978169769112,32291,0.10194723513576885
Syddjurs,Other - Right,3162.8693653887985,32291,0.09794894445476444
Syddjurs,Socialdemokratiet (A),9207.012775424888,32291,0.2851262821041432
Syddjurs,Socialistisk Folkeparti (F),2569.59358836504,32291,0.07957615398609644
Syddjurs,Venstre (V),3627.3211157085602,32291,0.112332263346089
Sønderborg,Danmarksdemokraterne (Æ),4152.907848423166,50483,0.08226349163922837
Sønderborg,Did not vote,2341.796143274064,50483,0.04638781655753549
Sønderborg,Liberal Alliance (I),5100.390736279635,50483,0.10103184708277312
Sønderborg,Moderaterne (M),4068.616135909212,50483,0.08059378673829233
Sønderborg,Other,307.99551168688555,50483,0.0061009748170054385
Sønderborg,Other - Left,3517.8602607259827,50483,0.06968405722175748
Sønderborg,Other - Right,5204.357777508699,50483,0.10309129365348134
Sønderborg,Socialdemokratiet (A),16903.058990263406,50483,0.33482675336773576
Sønderborg,Socialistisk Folkeparti (F),3377.365245320067,50483,0.06690104085177322
Sønderborg,Venstre (V),5508.651350608884,50483,0.10911893807041745
Thisted,Danmarksdemokraterne (Æ),2736.425016140386,30483,0.0897688881061702
Thisted,Did not vote,1343.9078396276338,30483,0.044087125270729055
Thisted,Liberal Alliance (I),3209.909706076394,30483,0.10530163389680786
Thisted,Moderaterne (M),2024.678191688815,30483,0.06641991246559771
Thisted,Other,180.98931649073126,30483,0.005937385312821286
Thisted,Other - Left,2060.3844273150667,30483,0.06759126159876215
Thisted,Other - Right,3132.9546632136658,30483,0.1027771106260429
Thisted,Socialdemokratiet (A),10475.44249200134,30483,0.3436486727684723
Thisted,Socialistisk Folkeparti (F),1914.8257191270907,30483,0.06281618341787523
Thisted,Venstre (V),3403.482628318877,30483,0.11165182653672134
Tårnby,Danmarksdemokraterne (Æ),1833.791156159175,29507,0.06214766516959281
Tårnby,Did not vote,1313.728306138317,29507,0.04452259823561586
Tårnby,Liberal Alliance (I),3260.0736764727894,29507,0.110484755362212
Tårnby,Moderaterne (M),2557.375590646478,29507,0.08667013219393628
Tårnby,Other,162.40136390619853,29507,0.005503824987501221
Tårnby,Other - Left,2885.09730712338,29507,0.09777670746342833
Tårnby,Other - Right,3915.0526318731972,29507,0.13268216463460186
Tårnby,Socialdemokratiet (A),8871.01339503241,29507,0.3006409799380625
Tårnby,Socialistisk Folkeparti (F),2391.664127054596,29507,0.08105412705644749
Tårnby,Venstre (V),2316.8024455934597,29507,0.07851704495860168
Tønder,Danmarksdemokraterne (Æ),2094.2790358627326,24632,0.0850226955124526
Tønder,Did not vote,1166.1648444405357,24632,0.04734348994968073
Tønder,Liberal Alliance (I),2417.104741993665,24632,0.09812864330925888
Tønder,Moderaterne (M),2736.220687378115,24632,0.11108398373571432
Tønder,Other,143.85146910062133,24632,0.0058400239160693946
Tønder,Other - Left,1624.0030122225744,24632,0.06593061920357966
Tønder,Other - Right,2843.879542077763,24632,0.11545467449162726
Tønder,Socialdemokratiet (A),6506.416713552073,24632,0.2641448811932475
Tønder,Socialistisk Folkeparti (F),1672.070599394702,24632,0.06788204771819999
Tønder,Venstre (V),3428.009353977219,24632,0.13916894097016966
Vallensbæk,Danmarksdemokraterne (Æ),617.9701321119757,10523,0.058725661133894866
Vallensbæk,Did not vote,483.82960732337784,10523,0.045978295858916454
Vallensbæk,Liberal Alliance (I),1159.8443223486338,10523,0.11021992990103904
Vallensbæk,Moderaterne (M),1018.6222456538851,10523,0.09679960521276111
Vallensbæk,Other,71.28383117789251,10523,0.0067740978027076414
Vallensbæk,Other - Left,1107.9402559170667,10523,0.10528748987143084
Vallensbæk,Other - Right,1527.165907753832,10523,0.14512647607657816
Vallensbæk,Socialdemokratiet (A),2548.1230899498637,10523,0.24214797015583614
Vallensbæk,Socialistisk Folkeparti (F),775.2093090495698,10523,0.07366808980799865
Vallensbæk,Venstre (V),1213.0112987139032,10523,0.11527238417883715
Varde,Danmarksdemokraterne (Æ),2469.2822583124753,34385,0.07181277470735714
Varde,Did not vote,1542.2646266381057,34385,0.04485283195108639
Varde,Liberal Alliance (I),3287.6027974336675,34385,0.09561153984102566
Varde,Moderaterne (M),3060.5782079487867,34385,0.08900910885411624
Varde,Other,182.47644038262825,34385,0.005306861724083997
Varde,Other - Left,2270.7942508008705,34385,0.06604025740296264
Varde,Other - Right,3803.5066102026994,34385,0.11061528603177838
Varde,Socialdemokratiet (A),9377.775463038526,34385,0.2727286742195296
Varde,Socialistisk Folkeparti (F),1979.0147643574003,34385,0.05755459544444962
Varde,Venstre (V),6411.7045808848425,34385,0.18646806982361036
Vejen,Danmarksdemokraterne (Æ),2055.321707111424,29072,0.07069763714610017
Vejen,Did not vote,1312.974548211627,29072,0.04516285595114292
Vejen,Liberal Alliance (I),2910.1732819419512,29072,0.10010227304423333
Vejen,Moderaterne (M),2687.5477570897942,29072,0.09244454310297862
Vejen,Other,155.00027574662062,29072,0.005331600018802305
Vejen,Other - Left,2011.5353483780082,29072,0.06919150207684398
Vejen,Other - Right,3572.2502906026575,29072,0.12287597312199565
Vejen,Socialdemokratiet (A),7648.402834871641,29072,0.26308485260290454
Vejen,Socialistisk Folkeparti (F),1830.1888745357896,29072,0.06295366244275556
Vejen,Venstre (V),4888.605081510487,29072,0.16815510049224297
Vejle,Danmarksdemokraterne (Æ),6376.240546799632,82619,0.07717644303125955
Vejle,Did not vote,3806.884637767844,82619,0.046077592778511534
Vejle,Liberal Alliance (I),9714.64391159234,82619,0.11758365402137935
Vejle,Moderaterne (M),6929.050060620958,82619,0.08386751304931019
Vejle,Other,497.2938789994862,82619,0.006019122465770419
Vejle,Other - Left,7296.585879247232,82619,0.08831607595404485
Vejle,Other - Right,9352.11976750234,82619,0.11319575118922208
Vejle,Socialdemokratiet (A),20459.14598241344,82619,0.24763245721218413
Vejle,Socialistisk Folkeparti (F),6338.820829347058,82619,0.07672352399989177
Vejle,Venstre (V),11848.21450570967,82619,0.14340786629842614
Vesthimmerlands,Danmarksdemokraterne (Æ),2875.1428724429015,25675,0.11198219561608184
Vesthimmerlands,Did not vote,1319.009503219343,25675,0.051373301001727094
Vesthimmerlands,Liberal Alliance (I),2425.2077732290486,25675,0.09445794637698339
Vesthimmerlands,Moderaterne (M),1669.5027572713152,25675,0.06502445013714957
Vesthimmerlands,Other,139.81025465692312,25675,0.005445384796764289
Vesthimmerlands,Other - Left,1763.0479914814857,25675,0.06866788671787676
Vesthimmerlands,Other - Right,3151.2106165692558,25675,0.12273459071350558
Vesthimmerlands,Socialdemokratiet (A),7265.577736825228,25675,0.2829825798179252
Vesthimmerlands,Socialistisk Folkeparti (F),1901.3987266600068,25675,0.07405642557585226
Vesthimmerlands,Venstre (V),3165.0917676444924,25675,0.12327523924613408
Viborg,Danmarksdemokraterne (Æ),4125.294797512062,69281,0.059544388757553475
Viborg,Did not vote,3002.0495049799665,69281,0.04333149788513397
Viborg,Liberal Alliance (I),6990.673126115399,69281,0.10090317873753842
Viborg,Moderaterne (M),4401.564670150626,69281,0.06353206030730829
Viborg,Other,387.50829729125377,69281,0.005593283833825346
Viborg,Other - Left,5259.8245241836,69281,0.07592015883407573
Viborg,Other - Right,13271.310019171671,69281,0.19155771451294976
Viborg,Socialdemokratiet (A),18456.593819106274,69281,0.2664019546355606
Viborg,Socialistisk Folkeparti (F),5021.841193196942,69281,0.07248511414669162
Viborg,Venstre (V),8364.340048292206,69281,0.12073064834936283
Vordingborg,Danmarksdemokraterne (Æ),2006.433283060836,33915,0.05916064523251765
Vordingborg,Did not vote,1591.4843374696795,33915,0.046925677059403786
Vordingborg,Liberal Alliance (I),2647.189018399727,33915,0.07805363462773779
Vordingborg,Moderaterne (M),3709.9891356279945,33915,0.10939080452979491
Vordingborg,Other,185.8343564251308,33915,0.005479414902701778
Vordingborg,Other - Left,2579.246950219464,33915,0.07605033024382911
Vordingborg,Other - Right,3181.804799340186,33915,0.09381703668996567
Vordingborg,Socialdemokratiet (A),11291.081011236234,33915,0.3329229252907632
Vordingborg,Socialistisk Folkeparti (F),3621.2144528113918,33915,0.1067732405369716
Vordingborg,Venstre (V),3100.7226554093563,33915,0.0914262908863145
