municipality,party,expected_N,total_N,point_estimate
Aabenraa,A: Socialdemokratiet,11420.303202577228,39250,0.29096313891916503
Aabenraa,Did not vote,1837.1422327904795,39250,0.046806171536063174
Aabenraa,F: SF - Socialistisk Folkeparti,2562.250412493184,39250,0.06528026528645055
Aabenraa,I: Liberal Alliance,3099.1095397690374,39250,0.07895820483487993
Aabenraa,M: Moderaterne,3225.890944227085,39250,0.08218830431151809
Aabenraa,Other,739.2315371551144,39250,0.0188339245135061
Aabenraa,Other - Left,2722.187214233839,39250,0.06935508826073475
Aabenraa,Other - Right,5827.9652251482,39250,0.14848319044963568
Aabenraa,V: Venstre,4069.576539123357,39250,0.1036834787037798
Aabenraa,Æ: Danmarksdemokraterne,3746.343152482472,39250,0.0954482331842668
Aalborg,A: Socialdemokratiet,43861.453913565216,165538.00000000006,0.2649630532781911
Aalborg,Did not vote,7560.655900703391,165538.00000000006,0.04567323454858334
Aalborg,F: SF - Socialistisk Folkeparti,13113.016214585965,165538.00000000006,0.07921453813979848
Aalborg,I: Liberal Alliance,16583.927970096724,165538.00000000006,0.10018200032679335
Aalborg,M: Moderaterne,14321.103538570836,165538.00000000006,0.08651248377152576
Aalborg,Other,3421.200391213435,165538.00000000006,0.020667160357219695
Aalborg,Other - Left,18665.571071666916,165538.00000000006,0.11275701694877859
Aalborg,Other - Right,18665.375956279135,165538.00000000006,0.11275583827446947
Aalborg,V: Venstre,19324.287874243513,165538.00000000006,0.11673626523362314
Aalborg,Æ: Danmarksdemokraterne,10021.407169074842,165538.00000000006,0.06053840912101656
Aarhus,A: Socialdemokratiet,54178.36264634065,268930.99999999994,0.2014582277474172
Aarhus,Did not vote,11437.328269070214,268930.99999999994,0.04252885784483833
Aarhus,F: SF - Socialistisk Folkeparti,45742.829122450115,268930.99999999994,0.17009132127739132
Aarhus,I: Liberal Alliance,18842.909625673048,268930.99999999994,0.07006596348384178
Aarhus,M: Moderaterne,20313.33880530064,268930.99999999994,0.07553364545292526
Aarhus,Other,4875.235389822281,268930.99999999994,0.018128201619829185
Aarhus,Other - Left,60363.53598977052,268930.99999999994,0.22445733660221592
Aarhus,Other - Right,23620.375075020667,268930.99999999994,0.08783061482320995
Aarhus,V: Venstre,22153.120997341004,268930.99999999994,0.08237473923549539
Aarhus,Æ: Danmarksdemokraterne,7403.9640792108985,268930.99999999994,0.027531091912836005
Albertslund,A: Socialdemokratiet,5099.475751299069,17762.999999999993,0.2870841497100192
Albertslund,Did not vote,955.655652905467,17762.999999999993,0.05380035201854796
Albertslund,F: SF - Socialistisk Folkeparti,2775.405295698613,17762.999999999993,0.15624642772609434
Albertslund,I: Liberal Alliance,1251.001120208781,17762.999999999993,0.07042735575121216
Albertslund,M: Moderaterne,1116.7501861280493,17762.999999999993,0.06286945820683723
Albertslund,Other,543.5663930103085,17762.999999999993,0.03060104672692162
Albertslund,Other - Left,2319.0778781774384,17762.999999999993,0.13055665586767096
Albertslund,Other - Right,1426.6952332568403,17762.999999999993,0.08031837151702083
Albertslund,V: Venstre,1285.4669899366113,17762.999999999993,0.0723676738127913
Albertslund,Æ: Danmarksdemokraterne,989.9054993788291,17762.999999999993,0.05572850866288518
Allerød,A: Socialdemokratiet,4280.260937059453,17904.999999999996,0.2390539478949709
Allerød,Did not vote,519.9092962532629,17904.999999999996,0.029037101159076404
Allerød,F: SF - Socialistisk Folkeparti,1947.0047541712447,17904.999999999996,0.10874084078029853
Allerød,I: Liberal Alliance,1001.0677089278247,17904.999999999996,0.05590995302584892
Allerød,M: Moderaterne,1939.1800130784172,17904.999999999996,0.10830382647743186
Allerød,Other,329.5101384874647,17904.999999999996,0.018403247053195463
Allerød,Other - Left,2334.593982524118,17904.999999999996,0.13038782365395804
Allerød,Other - Right,2222.148403202453,17904.999999999996,0.12410770193814318
Allerød,V: Venstre,2739.987474109017,17904.999999999996,0.15302918034677562
Allerød,Æ: Danmarksdemokraterne,591.3372921867451,17904.999999999996,0.033026377670301324
Assens,A: Socialdemokratiet,9880.9655569296865,29326.99999999999,0.3369238434524394
Assens,Did not vote,1311.3477971677273,29326.99999999999,0.044714692848492096
Assens,F: SF - Socialistisk Folkeparti,2015.1625679738138,29326.99999999999,0.0687135597904257
Assens,I: Liberal Alliance,2228.2081542413007,29326.99999999999,0.07597804597269757
Assens,M: Moderaterne,2784.818517214805,29326.99999999999,0.09495749709192233
Assens,Other,585.3028923124308,29326.99999999999,0.019957816766543835
Assens,Other - Left,2039.8677328825054,29326.99999999999,0.06955596320395901
Assens,Other - Right,3049.4701208780834,29326.99999999999,0.10398165925181861
Assens,V: Venstre,3222.435769120358,29326.99999999999,0.10987948883692022
Assens,Æ: Danmarksdemokraterne,2209.420891279299,29326.99999999999,0.07533743278478194
Ballerup,A: Socialdemokratiet,10206.173919961471,34624.00000000003,0.29477165896376684
Ballerup,Did not vote,1566.5395798623163,34624.00000000003,0.0452443270524005
Ballerup,F: SF - Socialistisk Folkeparti,3449.6940540167134,34624.00000000003,0.09963303067284862
Ballerup,I: Liberal Alliance,2814.476451891886,34624.00000000003,0.08128686610131364
Ballerup,M: Moderaterne,2567.3796399094613,34624.00000000003,0.0741502899696586
Ballerup,Other,1265.421059574061,34624.00000000003,0.03654751211801236
Ballerup,Other - Left,3836.7681257841227,34624.00000000003,0.11081238810605705
Ballerup,Other - Right,3782.9346045385023,34624.00000000003,0.1092575844656452
Ballerup,V: Venstre,3143.6659622621337,34624.00000000003,0.09079441896551903
Ballerup,Æ: Danmarksdemokraterne,1990.946602199341,34624.00000000003,0.05750192358477759
Billund,A: Socialdemokratiet,4903.137325941733,17752.000000000007,0.27620196743700604
Billund,Did not vote,850.2254673685859,17752.000000000007,0.04789462975262424
Billund,F: SF - Socialistisk Folkeparti,991.5091656763815,17752.000000000007,0.05585337796734909
Billund,I: Liberal Alliance,1660.3927059944167,17752.000000000007,0.09353271214479586
Billund,M: Moderaterne,1459.4882120047585,17752.000000000007,0.08221542429048884
Billund,Other,386.5827411126402,17752.000000000007,0.02177685562824696
Billund,Other - Left,1142.5705154438,17752.000000000007,0.06436291772441413
Billund,Other - Right,1957.6559369905938,17752.000000000007,0.110278049627681
Billund,V: Venstre,2904.0353398504863,17752.000000000007,0.16358919219527293
Billund,Æ: Danmarksdemokraterne,1496.402589616604,17752.000000000007,0.08429487323212051
Bornholm,A: Socialdemokratiet,10103.358787612175,29052.000000000004,0.3477680981554514
Bornholm,Did not vote,1375.5635628894208,29052.000000000004,0.0473483258601618
Bornholm,F: SF - Socialistisk Folkeparti,1603.4504436797067,29052.000000000004,0.055192428875110375
Bornholm,I: Liberal Alliance,1768.3587603771073,29052.000000000004,0.060868744333509125
Bornholm,M: Moderaterne,2256.4022868978864,29052.000000000004,0.0776677091731339
Bornholm,Other,725.470002262889,29052.000000000004,0.024971430616236023
Bornholm,Other - Left,2145.27441759951,29052.000000000004,0.0738425725457631
Bornholm,Other - Right,3293.36844342995,29052.000000000004,0.11336116079546844
Bornholm,V: Venstre,3695.2735235034675,29052.000000000004,0.12719515088474
Bornholm,Æ: Danmarksdemokraterne,2085.479771747878,29052.000000000004,0.07178437876042537
Brøndby,A: Socialdemokratiet,7079.633544806796,23485.00000000002,0.3014534189826183
Brøndby,Did not vote,1421.693645734597,23485.00000000002,0.060536242100685374
Brøndby,F: SF - Socialistisk Folkeparti,1578.4946081079004,23485.00000000002,0.06721288516533529
Brøndby,I: Liberal Alliance,2189.020929326256,23485.00000000002,0.09320932209181411
Brøndby,M: Moderaterne,1660.5852070379294,23485.00000000002,0.0707083332781745
Brøndby,Other,998.7695141282474,23485.00000000002,0.042527975904971115
Brøndby,Other - Left,2157.1277921052047,23485.00000000002,0.09185130049415384
Brøndby,Other - Right,2768.5028757385367,23485.00000000002,0.11788387803868573
Brøndby,V: Venstre,2019.031601630677,23485.00000000002,0.08597111354612201
Brøndby,Æ: Danmarksdemokraterne,1612.1402813838583,23485.00000000002,0.06864553039743909
Brønderslev,A: Socialdemokratiet,8821.162342555057,26077.999999999985,0.338260692635749
Brønderslev,Did not vote,1138.225475016098,26077.999999999985,0.04364696199923685
Brønderslev,F: SF - Socialistisk Folkeparti,1504.467402764117,26077.999999999985,0.05769105770243568
Brønderslev,I: Liberal Alliance,2908.8941475052584,26077.999999999985,0.11154590641557098
Brønderslev,M: Moderaterne,1469.3437806887084,26077.999999999985,0.05634418976488646
Brønderslev,Other,382.0041252990661,26077.999999999985,0.014648520795270585
Brønderslev,Other - Left,1851.8885948969105,26077.999999999985,0.07101344408685142
Brønderslev,Other - Right,2872.2132729317414,26077.999999999985,0.11013932329671536
Brønderslev,V: Venstre,3039.022040547446,26077.999999999985,0.11653585553138461
Brønderslev,Æ: Danmarksdemokraterne,2090.7788177955917,26077.999999999985,0.08017404777189942
Copenhagen,A: Socialdemokratiet,73117.36939548042,427405.00000000047,0.17107279838906972
Copenhagen,Did not vote,17185.28034258782,427405.00000000047,0.040208421386244426
Copenhagen,F: SF - Socialistisk Folkeparti,50995.83169099754,427405.00000000047,0.11931500963020433
Copenhagen,I: Liberal Alliance,24656.014979446933,427405.00000000047,0.05768770833155182
Copenhagen,M: Moderaterne,28367.6104307666,427405.00000000047,0.06637173273772316
Copenhagen,Other,10491.51134712392,427405.00000000047,0.0245470019001273
Copenhagen,Other - Left,154246.5324857884,427405.00000000047,0.36089080026155107
Copenhagen,Other - Right,32894.306916491856,427405.00000000047,0.0769628500286422
Copenhagen,V: Venstre,25940.853457651752,427405.00000000047,0.06069384648670868
Copenhagen,Æ: Danmarksdemokraterne,9509.688953664665,427405.00000000047,0.02224983084817598
Dragør,A: Socialdemokratiet,2581.2775410494733,9995.99999999999,0.258231046523557
Dragør,Did not vote,340.31691728386716,9995.99999999999,0.034045309852327676
Dragør,F: SF - Socialistisk Folkeparti,837.0189207330623,9995.99999999999,0.08373538622779741
Dragør,I: Liberal Alliance,723.3274493786175,9995.99999999999,0.0723616896137073
Dragør,M: Moderaterne,954.0504564509451,9995.99999999999,0.09544322293426831
Dragør,Other,228.87422935458582,9995.99999999999,0.022896581568085838
Dragør,Other - Left,1037.3440823287528,9995.99999999999,0.1037759186003155
Dragør,Other - Right,1643.37500117856,9995.99999999999,0.16440326142242512
Dragør,V: Venstre,1156.8453943707304,9995.99999999999,0.11573083176978106
Dragør,Æ: Danmarksdemokraterne,493.570007871407,9995.99999999999,0.049376751487735834
Egedal,A: Socialdemokratiet,9107.827179764905,31325.000000000007,0.2907526633604119
Egedal,Did not vote,1148.2050116251435,31325.000000000007,0.03665458935754647
Egedal,F: SF - Socialistisk Folkeparti,3037.4483645396012,31325.000000000007,0.09696563015290026
Egedal,I: Liberal Alliance,2744.7840537306274,31325.000000000007,0.08762279501135281
Egedal,M: Moderaterne,2994.9579766832585,31325.000000000007,0.09560919319020775
Egedal,Other,722.750749317434,31325.000000000007,0.02307264961907211
Egedal,Other - Left,3012.8309463046567,31325.000000000007,0.09617975886048383
Egedal,Other - Right,3673.1492426905575,31325.000000000007,0.1172593533181343
Egedal,V: Venstre,3130.6755128382897,31325.000000000007,0.09994175619595495
Egedal,Æ: Danmarksdemokraterne,1752.3709625055285,31325.000000000007,0.05594161093393545
Esbjerg,A: Socialdemokratiet,25341.416822976047,81833.00000000001,0.3096723427343009
Esbjerg,Did not vote,3735.458934507839,81833.00000000001,0.045647341958718834
Esbjerg,F: SF - Socialistisk Folkeparti,5285.892141918851,81833.00000000001,0.06459364977354919
Esbjerg,I: Liberal Alliance,6160.388747230329,81833.00000000001,0.07528000619835919
Esbjerg,M: Moderaterne,9257.1379942065,81833.00000000001,0.1131223099997128
Esbjerg,Other,1641.959066690033,81833.00000000001,0.020064754642870636
Esbjerg,Other - Left,6344.273893165685,81833.00000000001,0.07752708434452707
Esbjerg,Other - Right,9423.40799805547,81833.00000000001,0.11515413095029474
Esbjerg,V: Venstre,9028.818993082847,81833.00000000001,0.11033224974133718
Esbjerg,Æ: Danmarksdemokraterne,5614.245408166419,81833.00000000001,0.06860612965632958
Faaborg-Midtfyn,A: Socialdemokratiet,12746.833844990506,38106.00000000003,0.3345098893872486
Faaborg-Midtfyn,Did not vote,1625.367201905048,38106.00000000003,0.042653839340393816
Faaborg-Midtfyn,F: SF - Socialistisk Folkeparti,2617.755787822037,38106.00000000003,0.06869668261748897
Faaborg-Midtfyn,I: Liberal Alliance,2616.0795251261293,38106.00000000003,0.06865269314874632
Faaborg-Midtfyn,M: Moderaterne,3523.5984899402347,38106.00000000003,0.09246833805543044
Faaborg-Midtfyn,Other,804.46286868816685,38106.00000000003,0.021111186392908366
Faaborg-Midtfyn,Other - Left,2580.0597839281845,38106.00000000003,0.06770744197575664
Faaborg-Midtfyn,Other - Right,4499.60459715224,38106.00000000003,0.11808126271852822
Faaborg-Midtfyn,V: Venstre,3855.678574045107,38106.00000000003,0.1011829783772924
Faaborg-Midtfyn,Æ: Danmarksdemokraterne,3236.5593264023423,38106.00000000003,0.08493568798620532
Favrskov,A: Socialdemokratiet,10089.452202050663,33980.999999999985,0.29691451699628224
Favrskov,Did not vote,1245.3698253174323,33980.999999999985,0.03664900460014222
Favrskov,F: SF - Socialistisk Folkeparti,2710.8602569272293,33980.999999999985,0.07977576460160768
Favrskov,I: Liberal Alliance,3207.030595654138,33980.999999999985,0.09437716946688264
Favrskov,M: Moderaterne,2843.297691538414,33980.999999999985,0.08367316122357832
Favrskov,Other,617.6907473113654,33980.999999999985,0.018177532954043896
Favrskov,Other - Left,2998.760271883968,33980.999999999985,0.08824814666678348
Favrskov,Other - Right,3830.418255674137,33980.999999999985,0.11272235236379562
Favrskov,V: Venstre,4198.084436048492,33980.999999999985,0.12354210988636277
Favrskov,Æ: Danmarksdemokraterne,2240.035717594164,33980.999999999985,0.06592024124052161
Faxe,A: Socialdemokratiet,7780.48614429626,27409.99999999998,0.28385575134243946
Faxe,Did not vote,1286.9986800977817,27409.99999999998,0.04695361839101724
Faxe,F: SF - Socialistisk Folkeparti,2490.140897722746,27409.99999999998,0.09084789849408055
Faxe,I: Liberal Alliance,1712.989694959304,27409.99999999998,0.06249506366141208
Faxe,M: Moderaterne,3091.8974764885934,27409.99999999998,0.11280180505248433
Faxe,Other,502.30613477492733,27409.99999999998,0.0183256524908766
Faxe,Other - Left,1909.4266926756025,27409.99999999998,0.0696616816007152
Faxe,Other - Right,3550.0344339515477,27409.99999999998,0.12951603188440533
Faxe,V: Venstre,3247.922908133137,27409.99999999998,0.11849408639668511
Faxe,Æ: Danmarksdemokraterne,1837.7969369001048,27409.99999999998,0.06704841068588493
Fredensborg,A: Socialdemokratiet,7159.549142424128,27833.999999999985,0.25722314947273595
Fredensborg,Did not vote,1161.2818921333183,27833.999999999985,0.04172170338913986
Fredensborg,F: SF - Socialistisk Folkeparti,2516.8008054542456,27833.999999999985,0.09042181524230247
Fredensborg,I: Liberal Alliance,2548.831279440274,27833.999999999985,0.09157258315155117
Fredensborg,M: Moderaterne,2434.6820847191175,27833.999999999985,0.08747151270816694
Fredensborg,Other,702.0082708783973,27833.999999999985,0.025221249941740232
Fredensborg,Other - Left,3614.911933304903,27833.999999999985,0.12987396469443505
Fredensborg,Other - Right,3271.9298036057107,27833.999999999985,0.11755154859544846
Fredensborg,V: Venstre,2869.3041539094725,27833.999999999985,0.10308630286374484
Fredensborg,Æ: Danmarksdemokraterne,1554.7006341304445,27833.999999999985,0.055856169940735986
Fredericia,A: Socialdemokratiet,12676.85251020244,37575.00000000001,0.33737465097012476
Fredericia,Did not vote,1839.8453721213034,37575.00000000001,0.04896461402851106
Fredericia,F: SF - Socialistisk Folkeparti,2590.151155993632,37575.00000000001,0.06893283182950449
Fredericia,I: Liberal Alliance,3208.6460545232753,37575.00000000001,0.08539310857014704
Fredericia,M: Moderaterne,3351.342776158444,37575.00000000001,0.0891907591792001
Fredericia,Other,795.0297144810639,37575.00000000001,0.02115847543529112
Fredericia,Other - Left,2673.6430833284767,37575.00000000001,0.07115483921033869
Fredericia,Other - Right,4056.3241184120125,37575.00000000001,0.10795273768228907
Fredericia,V: Venstre,3576.856526734008,37575.00000000001,0.09519245580130425
Fredericia,Æ: Danmarksdemokraterne,2806.3086880453357,37575.00000000001,0.07468552729328902
Frederiksberg,A: Socialdemokratiet,13639.548941236146,73795.00000000007,0.18483025870636402
Frederiksberg,Did not vote,2729.445397244124,73795.00000000007,0.03698686086108979
Frederiksberg,F: SF - Socialistisk Folkeparti,9158.747788513927,73795.00000000007,0.12411068213989997
Frederiksberg,I: Liberal Alliance,4280.7586476052375,73795.00000000007,0.0580087898584624
Frederiksberg,M: Moderaterne,5254.4109816285945,73795.00000000007,0.07120280481914207
Frederiksberg,Other,1923.5305949298292,73795.00000000007,0.026065866182394842
Frederiksberg,Other - Left,22050.833292806114,73795.00000000007,0.2988120237523693
Frederiksberg,Other - Right,5653.382026192218,73795.00000000007,0.07660928282664425
Frederiksberg,V: Venstre,7115.1616702016745,73795.00000000007,0.09641793712584412
Frederiksberg,Æ: Danmarksdemokraterne,1989.180659642119,73795.00000000007,0.02695549372778802
Frederikshavn,A: Socialdemokratiet,16105.964912553274,42756.99999999998,0.3766860376675932
Frederikshavn,Did not vote,2007.796978274907,42756.99999999998,0.04695832210573492
Frederikshavn,F: SF - Socialistisk Folkeparti,2365.3287132451833,42756.99999999998,0.05532026833606624
Frederikshavn,I: Liberal Alliance,3447.7650075071283,42756.99999999998,0.08063627026000725
Frederikshavn,M: Moderaterne,2880.2890025062684,42756.99999999998,0.06736415095788455
Frederikshavn,Other,656.9755876903432,42756.99999999998,0.01536533404332258
Frederikshavn,Other - Left,2362.147025717971,42756.99999999998,0.05524585508145969
Frederikshavn,Other - Right,4188.784390904447,42756.99999999998,0.09796721918994432
Frederikshavn,V: Venstre,4471.814662106366,42756.99999999998,0.10458672643324762
Frederikshavn,Æ: Danmarksdemokraterne,4270.133719494112,42756.99999999998,0.09986981592474013
Frederikssund,A: Socialdemokratiet,10335.142966783033,34804.99999999997,0.2969442024646758
Frederikssund,Did not vote,1564.7567407831616,34804.99999999997,0.04495781470430004
Frederikssund,F: SF - Socialistisk Folkeparti,2473.4959953669804,34804.99999999997,0.07106726031797106
Frederikssund,I: Liberal Alliance,2374.285487623818,34804.99999999997,0.06821679320855681
Frederikssund,M: Moderaterne,3664.649251558918,34804.99999999997,0.10529088497511625
Frederikssund,Other,799.1170293327132,34804.99999999997,0.022959834200049243
Frederikssund,Other - Left,2578.767123065197,34804.99999999997,0.07409185815443756
Frederikssund,Other - Right,4166.803755062431,34804.99999999997,0.11971853914846817
Frederikssund,V: Venstre,4628.586684788239,34804.99999999997,0.13298625728453506
Frederikssund,Æ: Danmarksdemokraterne,2219.3949656355076,34804.99999999997,0.0637665555418908
Furesø,A: Socialdemokratiet,6612.026831998287,27812.99999999999,0.23773152238155862
Furesø,Did not vote,877.5414568628856,27812.99999999999,0.0315514851638761
Furesø,F: SF - Socialistisk Folkeparti,2965.9896951971696,27812.99999999999,0.10664040898850073
Furesø,I: Liberal Alliance,1908.151378093709,27812.99999999999,0.06860645662437384
Furesø,M: Moderaterne,2289.1486645800987,27812.99999999999,0.08230498919857979
Furesø,Other,605.6723100222342,27812.99999999999,0.0217765904441173
Furesø,Other - Left,4747.896729270274,27812.99999999999,0.17070782473196977
Furesø,Other - Right,2804.3947824852066,27812.99999999999,0.10083035927390817
Furesø,V: Venstre,4026.8207780920548,27812.99999999999,0.14478196448035294
Furesø,Æ: Danmarksdemokraterne,975.3573733980771,27812.99999999999,0.03506839871276301
Gentofte,A: Socialdemokratiet,9451.52312907572,49128.00000000001,0.19238566864264206
Gentofte,Did not vote,1696.8568226195248,49128.00000000001,0.034539505427038035
Gentofte,F: SF - Socialistisk Folkeparti,3858.584648415118,49128.00000000001,0.0785414559602491
Gentofte,I: Liberal Alliance,3077.2571596111325,49128.00000000001,0.06263754192336615
Gentofte,M: Moderaterne,4733.602555648577,49128.00000000001,0.09635243762515422
Gentofte,Other,1087.570264476926,49128.00000000001,0.02213748299293531
Gentofte,Other - Left,8084.8962562900215,49128.00000000001,0.16456799088686738
Gentofte,Other - Right,8928.982780141832,49128.00000000001,0.18174936452006657
Gentofte,V: Venstre,6874.552651645689,49128.00000000001,0.13993145765440662
Gentofte,Æ: Danmarksdemokraterne,1334.173732075441,49128.00000000001,0.027157094367274075
Gladsaxe,A: Socialdemokratiet,11181.759260480556,43896.00000000003,0.25473298843813896
Gladsaxe,Did not vote,1965.9532651145848,43896.00000000003,0.044786615297853646
Gladsaxe,F: SF - Socialistisk Folkeparti,7052.723539846261,43896.00000000003,0.16066893429575033
Gladsaxe,I: Liberal Alliance,2974.8103211999496,43896.00000000003,0.06776950795516556
Gladsaxe,M: Moderaterne,4104.672982740867,43896.00000000003,0.09350904371106399
Gladsaxe,Other,1115.4044197901644,43896.00000000003,0.025410160829919894
Gladsaxe,Other - Left,6213.415490982184,43896.00000000003,0.1415485577497307
Gladsaxe,Other - Right,3589.7498927970264,43896.00000000003,0.08177851951879497
Gladsaxe,V: Venstre,3877.1000916647513,43896.00000000003,0.08832467859633562
Gladsaxe,Æ: Danmarksdemokraterne,1820.410735383672,43896.00000000003,0.04147099360724601
Glostrup,A: Socialdemokratiet,4641.6153407698985,16080.999999999998,0.2886397202145326
Glostrup,Did not vote,750.5256704386125,16080.999999999998,0.046671579531037406
Glostrup,F: SF - Socialistisk Folkeparti,1282.902704990614,16080.999999999998,0.07977754523914024
Glostrup,I: Liberal Alliance,1273.802664359075,16080.999999999998,0.07921165750631647
Glostrup,M: Moderaterne,1870.9583157423758,16080.999999999998,0.116345893647309
Glostrup,Other,463.97745518923335,16080.999999999998,0.02885252504130548
Glostrup,Other - Left,1649.4153414715822,16080.999999999998,0.10256920225555516
Glostrup,Other - Right,1748.2736694042555,16080.999999999998,0.10871672591283227
Glostrup,V: Venstre,1478.6141765076434,16080.999999999998,0.09194789978904568
Glostrup,Æ: Danmarksdemokraterne,920.9146611267128,16080.999999999998,0.05726725086292599
Greve,A: Socialdemokratiet,9341.874042355163,35636.99999999999,0.26213974359107567
Greve,Did not vote,1643.3014461974599,35636.99999999999,0.046112227353521905
Greve,F: SF - Socialistisk Folkeparti,2494.270178445689,35636.99999999999,0.06999102557582539
Greve,I: Liberal Alliance,3322.1400005422884,35636.99999999999,0.09322165166939667
Greve,M: Moderaterne,3701.3750545398925,35636.99999999999,0.10386326162527411
Greve,Other,965.1962645378245,35636.99999999999,0.02708410541116886
Greve,Other - Left,2969.520000676473,35636.99999999999,0.08332687938593242
Greve,Other - Right,3916.33038916592,35636.99999999999,0.10989506381474089
Greve,V: Venstre,5147.466526297743,35636.99999999999,0.1444416344332504
Greve,Æ: Danmarksdemokraterne,2135.5260972415444,35636.99999999999,0.05992440713981381
Gribskov,A: Socialdemokratiet,8492.878111070808,31168.999999999993,0.27247836347238635
Gribskov,Did not vote,1299.7568953489415,31168.999999999993,0.04170030784911103
Gribskov,F: SF - Socialistisk Folkeparti,2138.9300772044203,31168.999999999993,0.06862363493228595
Gribskov,I: Liberal Alliance,2382.8854393823185,31168.999999999993,0.07645049374000831
Gribskov,M: Moderaterne,3132.6716593891715,31168.999999999993,0.10050600466454401
Gribskov,Other,776.6632067480289,31168.999999999993,0.02491780957836405
Gribskov,Other - Left,3059.3649284360713,31168.999999999993,0.09815409311931958
Gribskov,Other - Right,4458.128789088823,31168.999999999993,0.14303085723278977
Gribskov,V: Venstre,3350.4026704228204,31168.999999999993,0.10749150343042194
Gribskov,Æ: Danmarksdemokraterne,2077.3182229085924,31168.999999999993,0.06664693198076913
Guldborgsund,A: Socialdemokratiet,14830.434497198801,44611.999999999985,0.33243150939654814
Guldborgsund,Did not vote,2162.321162974624,44611.999999999985,0.04846949616638179
Guldborgsund,F: SF - Socialistisk Folkeparti,3040.4095394970964,44611.999999999985,0.06815228054104495
Guldborgsund,I: Liberal Alliance,3277.2721395809963,44611.999999999985,0.07346167263473947
Guldborgsund,M: Moderaterne,3869.179677664356,44611.999999999985,0.08672957226002773
Guldborgsund,Other,992.8722928520303,44611.999999999985,0.022255722515288054
Guldborgsund,Other - Left,3153.135987313178,44611.999999999985,0.0706790995093961
Guldborgsund,Other - Right,5610.0897177913,44611.999999999985,0.12575293010381292
Guldborgsund,V: Venstre,4452.008487183408,44611.999999999985,0.09979396770338494
Guldborgsund,Æ: Danmarksdemokraterne,3224.2764979442054,44611.999999999985,0.0722737491693761
Haderslev,A: Socialdemokratiet,11669.76371701941,38927,0.2997858483063018
Haderslev,Did not vote,1920.5667008249827,38927,0.04933764998137495
Haderslev,F: SF - Socialistisk Folkeparti,2532.440724145632,38927,0.06505614930885072
Haderslev,I: Liberal Alliance,3377.9503128232573,38927,0.08677653846490244
Haderslev,M: Moderaterne,2879.3547460265454,38927,0.07396806191143795
Haderslev,Other,799.878162143873,38927,0.02054815840275061
Haderslev,Other - Left,2724.13851434301,38927,0.069980695002004
Haderslev,Other - Right,5398.938155541241,38927,0.13869391824546565
Haderslev,V: Venstre,4595.54819352087,38927,0.11805554482803375
Haderslev,Æ: Danmarksdemokraterne,3028.420773611181,38927,0.07779743554887819
Halsnæs,A: Socialdemokratiet,8027.386640992567,23081.999999999993,0.34777691018943635
Halsnæs,Did not vote,1095.325253859057,23081.999999999993,0.04745365452989591
Halsnæs,F: SF - Socialistisk Folkeparti,1773.8965426143286,23081.999999999993,0.0768519427525487
Halsnæs,I: Liberal Alliance,1562.8822393591163,23081.999999999993,0.06771000083871054
Halsnæs,M: Moderaterne,2345.5190326727243,23081.999999999993,0.10161680238595984
Halsnæs,Other,519.9561824776388,23081.999999999993,0.022526478748706304
Halsnæs,Other - Left,1920.5628708133459,23081.999999999993,0.08320608572971781
Halsnæs,Other - Right,2097.3091658632407,23081.999999999993,0.0908634072378148
Halsnæs,V: Venstre,2378.6011702071155,23081.999999999993,0.10305004636544131
Halsnæs,Æ: Danmarksdemokraterne,1360.560901140861,23081.999999999993,0.05894467122176854
Hedensted,A: Socialdemokratiet,9743.795816928565,34014.99999999999,0.28645585232775445
Hedensted,Did not vote,1454.3229526571204,34014.99999999999,0.04275534183910394
Hedensted,F: SF - Socialistisk Folkeparti,2274.4890445376805,34014.99999999999,0.06686723635271735
Hedensted,I: Liberal Alliance,2221.7086180704973,34014.99999999999,0.06531555543349986
Hedensted,M: Moderaterne,3542.412502663922,34014.99999999999,0.10414265772935243
Hedensted,Other,618.0896511074608,34014.99999999999,0.018171090727839508
Hedensted,Other - Left,2180.2178296696443,34014.99999999999,0.06409577626546067
Hedensted,Other - Right,3985.7274920635227,34014.99999999999,0.11717558406772081
Hedensted,V: Venstre,5819.748083429955,34014.99999999999,0.17109357881610926
Hedensted,Æ: Danmarksdemokraterne,2174.488008871624,34014.99999999999,0.0639273264404417
Helsingør,A: Socialdemokratiet,11768.89145578473,45933.99999999997,0.25621307649638037
Helsingør,Did not vote,2087.9441223437266,45933.99999999997,0.04545530810170523
Helsingør,F: SF - Socialistisk Folkeparti,3894.9716744111915,45933.99999999997,0.08479495960315221
Helsingør,I: Liberal Alliance,4051.4778726515815,45933.99999999997,0.08820215684790317
Helsingør,M: Moderaterne,4445.13637232964,45933.99999999997,0.09677224653480304
Helsingør,Other,1245.7845826466648,45933.99999999997,0.027121186542575556
Helsingør,Other - Left,5385.452647033429,45933.99999999997,0.11724327615782279
Helsingør,Other - Right,5537.9475223700665,45933.99999999997,0.12056314543410263
Helsingør,V: Venstre,4840.660021629857,45933.99999999997,0.10538294121195323
Helsingør,Æ: Danmarksdemokraterne,2675.7337287991204,45933.99999999997,0.05825170306960252
Herlev,A: Socialdemokratiet,5740.931458559111,19852.999999999996,0.28917198703264557
Herlev,Did not vote,1075.7828969929067,19852.999999999996,0.05418742240431707
Herlev,F: SF - Socialistisk Folkeparti,1800.6736604666473,19852.999999999996,0.09070033045215573
Herlev,I: Liberal Alliance,1534.9361391948921,19852.999999999996,0.07731507274441608
Herlev,M: Moderaterne,1696.1277500708834,19852.999999999996,0.08543432982777836
Herlev,Other,691.9518808512527,19852.999999999996,0.03485376924652459
Herlev,Other - Left,2269.5640775377624,19852.999999999996,0.11431844444354822
Herlev,Other - Right,2226.441256672123,19852.999999999996,0.11214633842100052
Herlev,V: Venstre,1541.944971975582,19852.999999999996,0.07766810920140947
Herlev,Æ: Danmarksdemokraterne,1274.6459076788376,19852.999999999996,0.06420419622620449
Herning,A: Socialdemokratiet,16110.671592506667,62523.00000000001,0.2576759207412739
Herning,Did not vote,2845.531670821145,62523.00000000001,0.04551175840604489
Herning,F: SF - Socialistisk Folkeparti,3844.7124297454734,62523.00000000001,0.061492769536738046
Herning,I: Liberal Alliance,5990.79798402407,62523.00000000001,0.09581750690184522
Herning,M: Moderaterne,5426.145709831407,62523.00000000001,0.08678639396432362
Herning,Other,1148.101453600538,62523.00000000001,0.018362865723022533
Herning,Other - Left,4544.3236605395805,62523.00000000001,0.07268243143386562
Herning,Other - Right,7384.458475931415,62523.00000000001,0.11810787191803679
Herning,V: Venstre,10614.346427800967,62523.00000000001,0.16976706856358406
Herning,Æ: Danmarksdemokraterne,4613.910595198741,62523.00000000001,0.07379541281126531
Hillerød,A: Socialdemokratiet,8442.673980802581,37470.00000000002,0.2253182274033247
Hillerød,Did not vote,1401.016287581466,37470.00000000002,0.03739034661279598
Hillerød,F: SF - Socialistisk Folkeparti,4807.561828527712,37470.00000000002,0.12830429219449452
Hillerød,I: Liberal Alliance,2883.454708933768,37470.00000000002,0.076953688522385
Hillerød,M: Moderaterne,3295.6983999582962,37470.00000000002,0.08795565518970629
Hillerød,Other,839.8460070243506,37470.00000000002,0.022413824580313588
Hillerød,Other - Left,4667.725040235928,37470.00000000002,0.12457232560010476
Hillerød,Other - Right,4457.4698218530975,37470.00000000002,0.11896103074067507
Hillerød,V: Venstre,5000.465966303186,37470.00000000002,0.13345252111831288
Hillerød,Æ: Danmarksdemokraterne,1674.087958779616,37470.00000000002,0.04467808803788671
Hjørring,A: Socialdemokratiet,14595.700198839664,46321,0.31509898747521997
Hjørring,Did not vote,1905.2750333174426,46321,0.04113199268835825
Hjørring,F: SF - Socialistisk Folkeparti,3135.724688711624,46321,0.06769553094086103
Hjørring,I: Liberal Alliance,3775.886516982794,46321,0.08151565201491319
Hjørring,M: Moderaterne,4006.831737692058,46321,0.08650140838263548
Hjørring,Other,824.7295232132639,46321,0.017804657136358537
Hjørring,Other - Left,2921.829188653646,46321,0.06307785213302057
Hjørring,Other - Right,5264.74887049529,46321,0.11365792773246022
Hjørring,V: Venstre,5491.232941409756,46321,0.11854737465533464
Hjørring,Æ: Danmarksdemokraterne,4399.041300684463,46321,0.09496861684083813
Holbæk,A: Socialdemokratiet,17311.0068143849,53925.99999999997,0.32101410848913153
Holbæk,Did not vote,2679.5027361120005,53925.99999999997,0.049688512704669396
Holbæk,F: SF - Socialistisk Folkeparti,7527.0504453629455,53925.99999999997,0.13958110086716888
Holbæk,I: Liberal Alliance,3466.2815388524223,53925.99999999997,0.06427848419783452
Holbæk,M: Moderaterne,4384.2235820829555,53925.99999999997,0.08130073771618436
Holbæk,Other,1120.9848998314208,53925.99999999997,0.020787466154200598
Holbæk,Other - Left,4227.754559379963,53925.99999999997,0.07839918702258587
Holbæk,Other - Right,5168.326352675825,53925.99999999997,0.0958410850549981
Holbæk,V: Venstre,5065.559658678458,53925.99999999997,0.09393538661644588
Holbæk,Æ: Danmarksdemokraterne,2975.3094126390997,53925.99999999997,0.05517393117678117
Holstebro,A: Socialdemokratiet,11744.888778897863,41885,0.2804079928112179
Holstebro,Did not vote,1883.477842729084,41885,0.04496783676087105
Holstebro,F: SF - Socialistisk Folkeparti,2661.8216943465927,41885,0.06355071491814714
Holstebro,I: Liberal Alliance,3161.0472527455595,41885,0.07546967297948094
Holstebro,M: Moderaterne,2587.804905030014,41885,0.06178357180446494
Holstebro,Other,668.6011631389947,41885,0.015962782932768167
Holstebro,Other - Left,3073.5154313615208,41885,0.0733798598868693
Holstebro,Other - Right,4298.6214383013885,41885,0.10262913783696762
Holstebro,V: Venstre,8675.177531618127,41885,0.20711895742194406
Holstebro,Æ: Danmarksdemokraterne,3130.043961830854,41885,0.07472947264726881
Horsens,A: Socialdemokratiet,18681.90937187048,65249.000000000015,0.2863171753110465
Horsens,Did not vote,2915.2119888924285,65249.000000000015,0.04467826309816898
Horsens,F: SF - Socialistisk Folkeparti,4193.618484292157,65249.000000000015,0.06427100008110707
Horsens,I: Liberal Alliance,5968.257237252441,65249.000000000015,0.0914689456888602
Horsens,M: Moderaterne,6529.569573306564,65249.000000000015,0.10007156543865137
Horsens,Other,1480.33572391475,65249.000000000015,0.022687485232183627
Horsens,Other - Left,5601.548885792454,65249.000000000015,0.08584880819311334
Horsens,Other - Right,8567.658351058246,65249.000000000015,0.13130712119815238
Horsens,V: Venstre,7460.033688389722,65249.000000000015,0.11433177042391025
Horsens,Æ: Danmarksdemokraterne,3850.8566952307365,65249.000000000015,0.05901786533480568
Hvidovre,A: Socialdemokratiet,9869.807604687328,34831.99999999999,0.2833546050955251
Hvidovre,Did not vote,1568.8649631277372,34831.99999999999,0.04504090959829288
Hvidovre,F: SF - Socialistisk Folkeparti,4678.359679275379,34831.99999999999,0.13431211757221462
Hvidovre,I: Liberal Alliance,2691.7713177274786,34831.99999999999,0.0772786896453686
Hvidovre,M: Moderaterne,2668.5822365872114,34831.99999999999,0.07661294891442386
Hvidovre,Other,1201.7427040684897,34831.99999999999,0.03450111116411604
Hvidovre,Other - Left,4183.0463713077725,34831.99999999999,0.12009205246060442
Hvidovre,Other - Right,3511.9521165274805,34831.99999999999,0.10082545120944766
Hvidovre,V: Venstre,2147.800949051363,34831.99999999999,0.061661717646169144
Hvidovre,Æ: Danmarksdemokraterne,2310.072057639758,34831.99999999999,0.06632039669383781
Høje-Taastrup,A: Socialdemokratiet,9490.699582472686,33917.99999999997,0.27981306629142916
Høje-Taastrup,Did not vote,1752.834774367584,33917.99999999997,0.05167860057690859
Høje-Taastrup,F: SF - Socialistisk Folkeparti,2506.216304616963,33917.99999999997,0.07389045063438189
Høje-Taastrup,I: Liberal Alliance,3196.765406996209,33917.99999999997,0.09424982036075864
Høje-Taastrup,M: Moderaterne,2479.2989894543043,33917.99999999997,0.07309685091851838
Høje-Taastrup,Other,1175.4855162695637,33917.99999999997,0.034656687194692046
Høje-Taastrup,Other - Left,3638.5904785185967,33917.99999999997,0.10727609170701692
Høje-Taastrup,Other - Right,4492.220754063078,33917.99999999997,0.13244356253502806
Høje-Taastrup,V: Venstre,2756.2891681845,33917.99999999997,0.08126331647457109
Høje-Taastrup,Æ: Danmarksdemokraterne,2429.5990250565105,33917.99999999997,0.07163155330669593
Hørsholm,A: Socialdemokratiet,3705.870841846291,17784.999999999996,0.20837058430398042
Hørsholm,Did not vote,571.1500336948209,17784.999999999996,0.03211414302472988
Hørsholm,F: SF - Socialistisk Folkeparti,1298.9392399250398,17784.999999999996,0.07303566150829575
Hørsholm,I: Liberal Alliance,1262.8336792610958,17784.999999999996,0.07100554845437707
Hørsholm,M: Moderaterne,2003.7435566095892,17784.999999999996,0.11266480498226537
Hørsholm,Other,349.28847507959654,17784.999999999996,0.019639498177092866
Hørsholm,Other - Left,1863.623525239092,17784.999999999996,0.10478625387906058
Hørsholm,Other - Right,2118.925588694981,17784.999999999996,0.11914116326651568
Hørsholm,V: Venstre,4051.846559600575,17784.999999999996,0.2278238155524642
Hørsholm,Æ: Danmarksdemokraterne,558.7785000489147,17784.999999999996,0.03141852685121815
Ikast-Brande,A: Socialdemokratiet,7533.926275088594,28414.99999999998,0.2651390559594791
Ikast-Brande,Did not vote,1298.2986433015026,28414.99999999998,0.04569060859762462
Ikast-Brande,F: SF - Socialistisk Folkeparti,1779.4628213667104,28414.99999999998,0.0626240655064829
Ikast-Brande,I: Liberal Alliance,2561.8594340336876,28414.99999999998,0.0901586990685796
Ikast-Brande,M: Moderaterne,2214.852425122523,28414.99999999998,0.07794659247307846
Ikast-Brande,Other,424.1417089728971,28414.99999999998,0.014926683405697602
Ikast-Brande,Other - Left,1933.734896981787,28414.99999999998,0.06805331328459575
Ikast-Brande,Other - Right,3277.420211254805,28414.99999999998,0.11534120046647219
Ikast-Brande,V: Venstre,5120.227762739575,28414.99999999998,0.18019453678478192
Ikast-Brande,Æ: Danmarksdemokraterne,2271.0758211379093,28414.99999999998,0.07992524445320819
Ishøj,A: Socialdemokratiet,3636.8450417438326,12967.999999999993,0.2804476435644536
Ishøj,Did not vote,849.2260429533989,12967.999999999993,0.06548627721725782
Ishøj,F: SF - Socialistisk Folkeparti,836.4669025144999,12967.999999999993,0.06450238298230263
Ishøj,I: Liberal Alliance,969.7691141948868,12967.999999999993,0.0747817022050345
Ishøj,M: Moderaterne,1401.1772913569816,12967.999999999993,0.10804883492882345
Ishøj,Other,394.29167323076723,12967.999999999993,0.030404971717363314
Ishøj,Other - Left,1310.9730945791723,12967.999999999993,0.10109292832967097
Ishøj,Other - Right,1694.1173601036949,12967.999999999993,0.13063829118628129
Ishøj,V: Venstre,1040.310255781922,12967.999999999993,0.08022133372778552
Ishøj,Æ: Danmarksdemokraterne,834.8232235408459,12967.999999999993,0.06437563414102764
Jammerbugt,A: Socialdemokratiet,9164.834742850526,28002.999999999993,0.3272804607667224
Jammerbugt,Did not vote,1177.421855226553,28002.999999999993,0.042046275585707005
Jammerbugt,F: SF - Socialistisk Folkeparti,1599.3303292621247,28002.999999999993,0.05711282109995804
Jammerbugt,I: Liberal Alliance,2744.086045071642,28002.999999999993,0.0979925738339336
Jammerbugt,M: Moderaterne,2596.53362643352,28002.999999999993,0.09272340915021679
Jammerbugt,Other,436.54964810585244,28002.999999999993,0.015589388569290881
Jammerbugt,Other - Left,1779.4585691447328,28002.999999999993,0.0635452833319549
Jammerbugt,Other - Right,2425.850141714191,28002.999999999993,0.0866282234658498
Jammerbugt,V: Venstre,3178.133893657197,28002.999999999993,0.11349262199254358
Jammerbugt,Æ: Danmarksdemokraterne,2900.8011485336656,28002.999999999993,0.10358894220382339
Kalundborg,A: Socialdemokratiet,11114.42595975119,35470.999999999985,0.313338387971898
Kalundborg,Did not vote,1770.6990409702466,35470.999999999985,0.049919625637006214
Kalundborg,F: SF - Socialistisk Folkeparti,2432.1694656414543,35470.999999999985,0.06856782908971992
Kalundborg,I: Liberal Alliance,2350.1786864956252,35470.999999999985,0.06625634141962804
Kalundborg,M: Moderaterne,3695.6854945691084,35470.999999999985,0.10418892883113276
Kalundborg,Other,898.1219132744213,35470.999999999985,0.02531989268062422
Kalundborg,Other - Left,2308.3624382388043,35470.999999999985,0.06507745590027925
Kalundborg,Other - Right,4003.86320100277,35470.999999999985,0.11287708835394468
Kalundborg,V: Venstre,3873.601499526035,35470.999999999985,0.10920474470767771
Kalundborg,Æ: Danmarksdemokraterne,3023.89230053034,35470.999999999985,0.08524970540808946
Kerteminde,A: Socialdemokratiet,5857.448245302152,17706.999999999993,0.33079845514780337
Kerteminde,Did not vote,741.9974417092525,17706.999999999993,0.04190418714120138
Kerteminde,F: SF - Socialistisk Folkeparti,1237.337636656619,17706.999999999993,0.0698784456235737
Kerteminde,I: Liberal Alliance,1279.3873220052371,17706.999999999993,0.07225319489497022
Kerteminde,M: Moderaterne,2144.284569379935,17706.999999999993,0.12109812895351758
Kerteminde,Other,373.0815501658242,17706.999999999993,0.021069721023653037
Kerteminde,Other - Left,1165.839793947248,17706.999999999993,0.06584061636342962
Kerteminde,Other - Right,2275.586681401,17706.999999999993,0.12851339478178128
Kerteminde,V: Venstre,1292.6402101349306,17706.999999999993,0.07300164963771001
Kerteminde,Æ: Danmarksdemokraterne,1339.3965492977966,17706.999999999993,0.07564220643235992
Kolding,A: Socialdemokratiet,17031.900170340818,65771.00000000001,0.2589575978826658
Kolding,Did not vote,2873.49077657366,65771.00000000001,0.04368932776715664
Kolding,F: SF - Socialistisk Folkeparti,4712.795359220359,65771.00000000001,0.07165461007465841
Kolding,I: Liberal Alliance,7534.7042223424405,65771.00000000001,0.11455967253565308
Kolding,M: Moderaterne,5298.42019075795,65771.00000000001,0.08055860775657887
Kolding,Other,1418.3709497620673,65771.00000000001,0.021565293970930457
Kolding,Other - Left,5604.601056930883,65771.00000000001,0.08521386411839385
Kolding,Other - Right,8274.324200296804,65771.00000000001,0.12580505390364752
Kolding,V: Venstre,7126.3559469797365,65771.00000000001,0.1083510353648224
Kolding,Æ: Danmarksdemokraterne,5896.037126795279,65771.00000000001,0.08964493662549265
Køge,A: Socialdemokratiet,10689.69801400618,44163.99999999999,0.24204551249900785
Køge,Did not vote,1848.711821028894,44163.99999999999,0.04186015354200014
Køge,F: SF - Socialistisk Folkeparti,8318.028792987678,44163.99999999999,0.18834409910759167
Køge,I: Liberal Alliance,3125.7042544343585,44163.99999999999,0.07077493556820848
Køge,M: Moderaterne,3488.7452851336197,44163.99999999999,0.07899522880929309
Køge,Other,764.3637278552746,44163.99999999999,0.01730739352991746
Køge,Other - Left,4190.743238127377,44163.99999999999,0.09489048179801145
Køge,Other - Right,3594.1100281072636,44163.99999999999,0.08138098967727707
Køge,V: Venstre,6054.780586828803,44163.99999999999,0.13709764937118024
Køge,Æ: Danmarksdemokraterne,2089.114251490555,44163.99999999999,0.0473035560975128
Langeland,A: Socialdemokratiet,3475.4645311005243,9411,0.3692981119010227
Langeland,Did not vote,468.62929735841857,9411,0.04979590876191888
Langeland,F: SF - Socialistisk Folkeparti,532.9294438293597,9411,0.0566283544606694
Langeland,I: Liberal Alliance,625.0647848973723,9411,0.06641852990090026
Langeland,M: Moderaterne,618.0586261363904,9411,0.06567406504477637
Langeland,Other,219.95795245390627,9411,0.023372431458283528
Langeland,Other - Left,576.4789153647209,9411,0.06125586179627255
Langeland,Other - Right,836.6664781228922,9411,0.08890303667228691
Langeland,V: Venstre,1103.1852182160894,9411,0.11722295380045579
Langeland,Æ: Danmarksdemokraterne,954.5647525203234,9411,0.10143074620341339
Lejre,A: Socialdemokratiet,5383.822787701341,21050.000000000015,0.25576355285992103
Lejre,Did not vote,725.9857923026332,21050.000000000015,0.03448863621390179
Lejre,F: SF - Socialistisk Folkeparti,4068.641649745115,21050.000000000015,0.19328463894276068
Lejre,I: Liberal Alliance,1201.4276584621111,21050.000000000015,0.05707494814546842
Lejre,M: Moderaterne,1687.7658626879559,21050.000000000015,0.08017890084028288
Lejre,Other,433.31795468300226,21050.000000000015,0.020585175994441898
Lejre,Other - Left,2246.041131860507,21050.000000000015,0.10670029129978648
Lejre,Other - Right,1509.0686433199187,21050.000000000015,0.0716897217729177
Lejre,V: Venstre,2610.7858666539605,21050.000000000015,0.12402783214508117
Lejre,Æ: Danmarksdemokraterne,1183.1426525834565,21050.000000000015,0.056206301785437326
Lemvig,A: Socialdemokratiet,4088.4145576260203,13757.99999999999,0.2971663437727884
Lemvig,Did not vote,546.085709273678,13757.99999999999,0.03969223064934427
Lemvig,F: SF - Socialistisk Folkeparti,742.6177479990009,13757.99999999999,0.05397715859856094
Lemvig,I: Liberal Alliance,1038.1244978151983,13757.99999999999,0.07545606176880353
Lemvig,M: Moderaterne,902.9288750944994,13757.99999999999,0.0656293701914886
Lemvig,Other,196.33456107336494,13757.99999999999,0.014270574289385454
Lemvig,Other - Left,844.6238895342424,13757.99999999999,0.061391473290757594
Lemvig,Other - Right,1352.2402939061724,13757.99999999999,0.09828756315643068
Lemvig,V: Venstre,2763.103328919893,13757.99999999999,0.20083611927023512
Lemvig,Æ: Danmarksdemokraterne,1283.5265387579327,13757.99999999999,0.09329310501220625
Lolland,A: Socialdemokratiet,11196.912978535604,29005.00000000001,0.3860338899684744
Lolland,Did not vote,1716.4067693456407,29005.00000000001,0.05917623752269057
Lolland,F: SF - Socialistisk Folkeparti,1585.6294007195027,29005.00000000001,0.05466745046438552
Lolland,I: Liberal Alliance,1730.282085952575,29005.00000000001,0.05965461423728924
Lolland,M: Moderaterne,2708.84677893114,29005.00000000001,0.0933924074790946
Lolland,Other,604.0764445907422,29005.00000000001,0.020826631428744767
Lolland,Other - Left,1504.101367129241,29005.00000000001,0.05185662358659681
Lolland,Other - Right,3043.1823276430964,29005.00000000001,0.10491923212008603
Lolland,V: Venstre,2692.0876556340454,29005.00000000001,0.09281460629664004
Lolland,Æ: Danmarksdemokraterne,2223.474191518413,29005.00000000001,0.07665830689599766
Lyngby-Taarbæk,A: Socialdemokratiet,7702.583803478521,37912.000000000015,0.20317007289192124
Lyngby-Taarbæk,Did not vote,1291.0776191836335,37912.000000000015,0.03405459008186413
Lyngby-Taarbæk,F: SF - Socialistisk Folkeparti,6101.901303887995,37912.000000000015,0.1609490742743193
Lyngby-Taarbæk,I: Liberal Alliance,2424.444522977736,37912.000000000015,0.06394926469133085
Lyngby-Taarbæk,M: Moderaterne,4523.856892500485,37912.000000000015,0.11932519762873188
Lyngby-Taarbæk,Other,760.6511385867093,37912.000000000015,0.020063598295703446
Lyngby-Taarbæk,Other - Left,6953.995078155975,37912.000000000015,0.1834246433360406
Lyngby-Taarbæk,Other - Right,3487.753775435688,37912.000000000015,0.09199603754578199
Lyngby-Taarbæk,V: Venstre,3576.347362921441,37912.000000000015,0.0943328593300654
Lyngby-Taarbæk,Æ: Danmarksdemokraterne,1089.3885028718144,37912.000000000015,0.028734661924240713
Mariagerfjord,A: Socialdemokratiet,9812.82112421735,30372.999999999993,0.32307711204745504
Mariagerfjord,Did not vote,1323.1500454430081,30372.999999999993,0.043563363692852484
Mariagerfjord,F: SF - Socialistisk Folkeparti,1980.4714683415007,30372.999999999993,0.06520500011001551
Mariagerfjord,I: Liberal Alliance,2935.390133562717,30372.999999999993,0.09664472174506034
Mariagerfjord,M: Moderaterne,2216.72982227979,30372.999999999993,0.07298356508345538
Mariagerfjord,Other,424.1862332981031,30372.999999999993,0.013965898439340967
Mariagerfjord,Other - Left,1985.4793129584684,30372.999999999993,0.065369878278684
Mariagerfjord,Other - Right,3587.31791778798,30372.999999999993,0.11810877811832815
Mariagerfjord,V: Venstre,3245.5304326458286,30372.999999999993,0.10685577429446645
Mariagerfjord,Æ: Danmarksdemokraterne,2861.9235094652527,30372.999999999993,0.09422590819034186
Middelfart,A: Socialdemokratiet,10193.857497547546,29789.000000000007,0.34220207115202067
Middelfart,Did not vote,1122.4001737731694,29789.000000000007,0.03767834347487895
Middelfart,F: SF - Socialistisk Folkeparti,2201.2520646810144,29789.000000000007,0.07389479555141205
Middelfart,I: Liberal Alliance,2359.2872123849506,29789.000000000007,0.07919994670465441
Middelfart,M: Moderaterne,2980.6681606071825,29789.000000000007,0.10005935615855456
Middelfart,Other,538.2779115040341,29789.000000000007,0.018069687183323843
Middelfart,Other - Left,2193.9044199786513,29789.000000000007,0.07364813924531373
Middelfart,Other - Right,3173.8213816053067,29789.000000000007,0.10654340130938621
Middelfart,V: Venstre,3187.6367002403313,29789.000000000007,0.10700717379705027
Middelfart,Æ: Danmarksdemokraterne,1837.8944776778224,29789.000000000007,0.061697085423405344
Morsø,A: Socialdemokratiet,5165.8444699233705,14422.999999999996,0.3581671268060301
Morsø,Did not vote,678.8874841125382,14422.999999999996,0.04706978327064677
Morsø,F: SF - Socialistisk Folkeparti,854.4972858520316,14422.999999999996,0.05924546112820022
Morsø,I: Liberal Alliance,1184.4272604823047,14422.999999999996,0.08212072803732268
Morsø,M: Moderaterne,1005.2783624895287,14422.999999999996,0.0696996715308555
Morsø,Other,217.3399632501665,14422.999999999996,0.015068984486595476
Morsø,Other - Left,829.9281043321304,14422.999999999996,0.05754198879096794
Morsø,Other - Right,1328.1065000494423,14422.999999999996,0.09208254177698416
Morsø,V: Venstre,1717.4745650479692,14422.999999999996,0.11907887159730775
Morsø,Æ: Danmarksdemokraterne,1441.2160044605162,14422.999999999996,0.09992484257508955
Norddjurs,A: Socialdemokratiet,8981.667883287268,26983.000000000007,0.3328639470513755
Norddjurs,Did not vote,1436.5601679063088,26983.000000000007,0.05323945328192967
Norddjurs,F: SF - Socialistisk Folkeparti,1552.2510360454103,26983.000000000007,0.05752699981638105
Norddjurs,I: Liberal Alliance,3171.1329521370985,26983.000000000007,0.11752336479031604
Norddjurs,M: Moderaterne,2162.170329318013,26983.000000000007,0.0801308353154954
Norddjurs,Other,452.20134686126335,26983.000000000007,0.016758749837351785
Norddjurs,Other - Left,1626.7412708729028,26983.000000000007,0.06028763558065828
Norddjurs,Other - Right,2808.540534724953,26983.000000000007,0.10408555515416937
Norddjurs,V: Venstre,2904.0731523494514,26983.000000000007,0.10762602943888562
Norddjurs,Æ: Danmarksdemokraterne,1887.6613264973282,26983.000000000007,0.0699574297334369
Nordfyns,A: Socialdemokratiet,6731.717662064424,21055.000000000022,0.31972062037826726
Nordfyns,Did not vote,938.2666007073186,21055.000000000022,0.0445626502354461
Nordfyns,F: SF - Socialistisk Folkeparti,1351.9592631693156,21055.000000000022,0.06421084128089832
Nordfyns,I: Liberal Alliance,1681.4724831724157,21055.000000000022,0.07986095859284796
Nordfyns,M: Moderaterne,2226.0004621815433,21055.000000000022,0.10572312810171175
Nordfyns,Other,353.57014414806173,21055.000000000022,0.01679269266910764
Nordfyns,Other - Left,1250.2188152168787,21055.000000000022,0.05937871361751971
Nordfyns,Other - Right,2429.525795151625,21055.000000000022,0.11538949395163252
Nordfyns,V: Venstre,2225.9936010665415,21055.000000000022,0.10572280223540913
Nordfyns,Æ: Danmarksdemokraterne,1866.275173121875,21055.000000000022,0.08863809893715854
Nyborg,A: Socialdemokratiet,7588.987519745026,23992,0.31631325107306707
Nyborg,Did not vote,1000.291327614764,23992,0.041692702884910136
Nyborg,F: SF - Socialistisk Folkeparti,1651.8931149326531,23992,0.06885183039899355
Nyborg,I: Liberal Alliance,1818.0703620821498,23992,0.07577819115047307
Nyborg,M: Moderaterne,2188.9856532016397,23992,0.09123814826615705
Nyborg,Other,495.75589777353963,23992,0.02066338353507584
Nyborg,Other - Left,1815.635591879981,23992,0.07567670856452072
Nyborg,Other - Right,2785.5650380145257,23992,0.11610391122101224
Nyborg,V: Venstre,2841.6830935427993,23992,0.11844294321202065
Nyborg,Æ: Danmarksdemokraterne,1805.1324012129257,23992,0.07523892969376983
Næstved,A: Socialdemokratiet,19371.462557585834,62181.000000000015,0.31153346774072194
Næstved,Did not vote,3082.669968114288,62181.000000000015,0.04957575413895382
Næstved,F: SF - Socialistisk Folkeparti,6095.528964269517,62181.000000000015,0.09802880243594532
Næstved,I: Liberal Alliance,5413.8208874975535,62181.000000000015,0.08706551659667024
Næstved,M: Moderaterne,4615.058667944669,62181.000000000015,0.07421975632338926
Næstved,Other,1549.6378681849912,62181.000000000015,0.024921404740756676
Næstved,Other - Left,4448.135560408268,62181.000000000015,0.0715352850614861
Næstved,Other - Right,7977.481945762139,62181.000000000015,0.12829452639491384
Næstved,V: Venstre,5263.116766660492,62181.000000000015,0.08464188042425325
Næstved,Æ: Danmarksdemokraterne,4364.086813572261,62181.000000000015,0.07018360614290957
Odder,A: Socialdemokratiet,5426.31464004494,17499.000000000007,0.3100928418792467
Odder,Did not vote,659.9947188457077,17499.000000000007,0.037716139141991394
Odder,F: SF - Socialistisk Folkeparti,2008.3697324590678,17499.000000000007,0.11477054302869118
Odder,I: Liberal Alliance,1222.2936766195066,17499.000000000007,0.06984934434079125
Odder,M: Moderaterne,1553.4056236038386,17499.000000000007,0.08877110826926327
Odder,Other,322.3471884192225,17499.000000000007,0.01842089196063903
Odder,Other - Left,1732.1312176465578,17499.000000000007,0.09898458298454524
Odder,Other - Right,1659.5846015368759,17499.000000000007,0.09483882516354507
Odder,V: Venstre,1890.400406918391,17499.000000000007,0.1080290534841071
Odder,Æ: Danmarksdemokraterne,1024.1581939058867,17499.000000000007,0.05852666974717906
Odense,A: Socialdemokratiet,38254.07783489265,151065.00000000003,0.25322925783532013
Odense,Did not vote,7385.649663055006,151065.00000000003,0.048890541575182904
Odense,F: SF - Socialistisk Folkeparti,17872.427225202366,151065.00000000003,0.11830951726212136
Odense,I: Liberal Alliance,11622.101502387637,151065.00000000003,0.07693444214336632
Odense,M: Moderaterne,13319.340670257463,151065.00000000003,0.08816960030620899
Odense,Other,4048.3585241455244,151065.00000000003,0.026798785450935184
Odense,Other - Left,20222.73267654265,151065.00000000003,0.13386775677054677
Odense,Other - Right,17357.05609515846,151065.00000000003,0.11489793198397019
Odense,V: Venstre,13751.801099334443,151065.00000000003,0.09103234435067316
Odense,Æ: Danmarksdemokraterne,7231.454709023821,151065.00000000003,0.04786982232167491
Odsherred,A: Socialdemokratiet,8268.902913072736,25091.00000000001,0.32955653075097574
Odsherred,Did not vote,1165.8046706982896,25091.00000000001,0.04646306128485469
Odsherred,F: SF - Socialistisk Folkeparti,1767.2785486226132,25091.00000000001,0.07043475942061346
Odsherred,I: Liberal Alliance,1684.6353992876157,25091.00000000001,0.06714102264906201
Odsherred,M: Moderaterne,2081.221673071091,25091.00000000001,0.08294694006102149
Odsherred,Other,589.2811940145041,25091.00000000001,0.02348575959565198
Odsherred,Other - Left,1829.4559134119158,25091.00000000001,0.07291283382136683
Odsherred,Other - Right,2807.98108058729,25091.00000000001,0.11191188396585583
Odsherred,V: Venstre,2283.9172731669923,25091.00000000001,0.09102535862129812
Odsherred,Æ: Danmarksdemokraterne,2612.521334066957,25091.00000000001,0.10412184982929959
Randers,A: Socialdemokratiet,22492.728058013887,72241,0.3113568203376737
Randers,Did not vote,3516.633319993934,72241,0.048679189379908006
Randers,F: SF - Socialistisk Folkeparti,4716.813740130489,72241,0.0652927525938247
Randers,I: Liberal Alliance,8434.187452056334,72241,0.11675070184599236
Randers,M: Moderaterne,5583.64807865938,72241,0.07729195441175206
Randers,Other,1458.3586276740455,72241,0.020187409195249865
Randers,Other - Left,5354.605540920436,72241,0.07412142053571291
Randers,Other - Right,7725.416290006819,72241,0.10693949820748354
Randers,V: Venstre,7796.827196877015,72241,0.10792800759786014
Randers,Æ: Danmarksdemokraterne,5161.781695667676,72241,0.07145224589454294
Rebild,A: Socialdemokratiet,6824.566668131121,21871.99999999999,0.3120229822664194
Rebild,Did not vote,798.1834357548652,21871.99999999999,0.036493390442340234
Rebild,F: SF - Socialistisk Folkeparti,1603.1520659211694,21871.99999999999,0.07329700374548145
Rebild,I: Liberal Alliance,1938.3302113192847,21871.99999999999,0.08862153489938211
Rebild,M: Moderaterne,2517.459797134092,21871.99999999999,0.11509966153685502
Rebild,Other,291.7087886107948,21871.99999999999,0.013337087994275555
Rebild,Other - Left,1725.8472416712134,21871.99999999999,0.07890669539462392
Rebild,Other - Right,2238.28364370896,21871.99999999999,0.10233557259093641
Rebild,V: Venstre,2540.034233722117,21871.99999999999,0.11613177732818755
Rebild,Æ: Danmarksdemokraterne,1394.433914026388,21871.99999999999,0.06375429380149912
Ringkøbing-Skjern,A: Socialdemokratiet,9734.793119483893,37949.00000000001,0.25652304723402175
Ringkøbing-Skjern,Did not vote,1587.4665672369906,37949.00000000001,0.041831578361405844
Ringkøbing-Skjern,F: SF - Socialistisk Folkeparti,1804.0350691128588,37949.00000000001,0.04753840863034226
Ringkøbing-Skjern,I: Liberal Alliance,2799.8898621207263,37949.00000000001,0.07378033313448908
Ringkøbing-Skjern,M: Moderaterne,2360.8524261273587,37949.00000000001,0.062211189389110605
Ringkøbing-Skjern,Other,550.8388488007474,37949.00000000001,0.014515240159180673
Ringkøbing-Skjern,Other - Left,2638.768096713986,37949.00000000001,0.06953458844011662
Ringkøbing-Skjern,Other - Right,4499.000591335523,37949.00000000001,0.1185538641686348
Ringkøbing-Skjern,V: Venstre,9299.068815782315,37949.00000000001,0.24504120835285023
Ringkøbing-Skjern,Æ: Danmarksdemokraterne,2674.286603285602,37949.00000000001,0.07047054212984799
Ringsted,A: Socialdemokratiet,6649.20001619369,24519.999999999993,0.2711745520470511
Ringsted,Did not vote,1138.5856854890544,24519.999999999993,0.0464349790166825
Ringsted,F: SF - Socialistisk Folkeparti,2467.479489128965,24519.999999999993,0.10063130053543905
Ringsted,I: Liberal Alliance,1925.0310095839664,24519.999999999993,0.07850860561109163
Ringsted,M: Moderaterne,2184.4464643304677,24519.999999999993,0.08908835498900768
Ringsted,Other,521.6021846616947,24519.999999999993,0.021272519765974503
Ringsted,Other - Left,2067.281104577685,24519.999999999993,0.08430999610838848
Ringsted,Other - Right,3321.7054713870143,24519.999999999993,0.13546922803372818
Ringsted,V: Venstre,2700.450751031351,24519.999999999993,0.11013257549067504
Ringsted,Æ: Danmarksdemokraterne,1544.2178236161167,24519.999999999993,0.06297788840196236
Roskilde,A: Socialdemokratiet,15573.501949675127,65336.99999999999,0.23835655064779723
Roskilde,Did not vote,2639.9709735156393,65336.99999999999,0.040405451329501504
Roskilde,F: SF - Socialistisk Folkeparti,11887.450212552954,65336.99999999999,0.18194055760982225
Roskilde,I: Liberal Alliance,4809.190285924583,65336.99999999999,0.0736059244520652
Roskilde,M: Moderaterne,4773.921747718092,65336.99999999999,0.0730661301822565
Roskilde,Other,1547.6423014882391,65336.99999999999,0.023687073197242593
Roskilde,Other - Left,8520.708354103144,65336.99999999999,0.13041168639672995
Roskilde,Other - Right,4212.190975066833,65336.99999999999,0.06446869270194275
Roskilde,V: Venstre,8710.35141055571,65336.99999999999,0.13331422334291
Roskilde,Æ: Danmarksdemokraterne,2662.0717893996703,65336.99999999999,0.04074371013973201
Rudersdal,A: Socialdemokratiet,7355.741379292186,38454.99999999998,0.19128179376653726
Rudersdal,Did not vote,1242.3826816528083,38454.99999999998,0.032307441988111016
Rudersdal,F: SF - Socialistisk Folkeparti,2925.301315386741,38454.99999999998,0.07607076623031446
Rudersdal,I: Liberal Alliance,2713.9067014937755,38454.99999999998,0.07057357174603503
Rudersdal,M: Moderaterne,2836.522361918608,38454.99999999998,0.07376212097044883
Rudersdal,Other,661.5494461812166,38454.99999999998,0.017203210146436537
Rudersdal,Other - Left,6909.9198422509735,38454.99999999998,0.17968846293722474
Rudersdal,Other - Right,5829.937294751978,38454.99999999998,0.15160414236775402
Rudersdal,V: Venstre,6967.8734512177025,38454.99999999998,0.18119551296886507
Rudersdal,Æ: Danmarksdemokraterne,1011.8655258540215,38454.99999999998,0.02631297687827388
Rødovre,A: Socialdemokratiet,8331.989600152847,28263.000000000007,0.294802023852841
Rødovre,Did not vote,1334.0542032249782,28263.000000000007,0.04720143662120008
Rødovre,F: SF - Socialistisk Folkeparti,3292.8566901901254,28263.000000000007,0.11650768461204135
Rødovre,I: Liberal Alliance,1942.252863360115,28263.000000000007,0.06872069006687594
Rødovre,M: Moderaterne,2613.069021549381,28263.000000000007,0.09245547258073737
Rødovre,Other,666.6127017156537,28263.000000000007,0.023586056034945103
Rødovre,Other - Left,3387.0830576179387,28263.000000000007,0.1198415970568566
Rødovre,Other - Right,3091.358012145742,28263.000000000007,0.1093782688371985
Rødovre,V: Venstre,2173.079920730054,28263.000000000007,0.07688780103775442
Rødovre,Æ: Danmarksdemokraterne,1430.64392931316,28263.000000000007,0.05061896929954922
Silkeborg,A: Socialdemokratiet,19383.297446040906,71953.00000000007,0.2693883152341235
Silkeborg,Did not vote,2813.665600816945,71953.00000000007,0.039104215262976416
Silkeborg,F: SF - Socialistisk Folkeparti,6150.007872255104,71953.00000000007,0.0854725705982391
Silkeborg,I: Liberal Alliance,5741.939544410844,71953.00000000007,0.07980125282352143
Silkeborg,M: Moderaterne,5239.736943927647,71953.00000000007,0.0728216605829867
Silkeborg,Other,1222.8831301233672,71953.00000000007,0.016995582256797714
Silkeborg,Other - Left,7514.414100512587,71953.00000000007,0.10443503537743498
Silkeborg,Other - Right,7868.205794412785,71953.00000000007,0.1093520186012088
Silkeborg,V: Venstre,11744.680216180172,71953.00000000007,0.16322710958792766
Silkeborg,Æ: Danmarksdemokraterne,4274.169351319629,71953.00000000007,0.05940223967478249
Skanderborg,A: Socialdemokratiet,11894.650447176598,45360.99999999996,0.2622219626369923
Skanderborg,Did not vote,1447.4532679545528,45360.99999999996,0.031909641938108815
Skanderborg,F: SF - Socialistisk Folkeparti,5481.5439119330395,45360.99999999996,0.12084266025733656
Skanderborg,I: Liberal Alliance,2884.9953529261415,45360.99999999996,0.0636007881864629
Skanderborg,M: Moderaterne,4726.264139528758,45360.99999999996,0.10419223869687093
Skanderborg,Other,727.0884193749096,45360.99999999996,0.016028932769888454
Skanderborg,Other - Left,5194.338170619448,45360.99999999996,0.11451110360484672
Skanderborg,Other - Right,4738.601279371202,45360.99999999996,0.10446421550166896
Skanderborg,V: Venstre,6347.922212929825,45360.99999999996,0.13994228991710567
Skanderborg,Æ: Danmarksdemokraterne,1918.1427981855238,45360.99999999996,0.04228616649071946
Skive,A: Socialdemokratiet,10123.658952981034,32766.00000000001,0.30896841094369254
Skive,Did not vote,1456.3308887729088,32766.00000000001,0.04444640446721932
Skive,F: SF - Socialistisk Folkeparti,2070.3405877414207,32766.00000000001,0.06318563717699506
Skive,I: Liberal Alliance,2537.0193458340673,32766.00000000001,0.07742841194634885
Skive,M: Moderaterne,2882.2607085863556,32766.00000000001,0.08796498530752471
Skive,Other,480.37952042132025,32766.00000000001,0.014660914375307334
Skive,Other - Left,1943.0993903015842,32766.00000000001,0.05930230697374057
Skive,Other - Right,3697.1319780226045,32766.00000000001,0.1128344008430264
Skive,V: Venstre,4151.2183605919745,32766.00000000001,0.1266928633520104
Skive,Æ: Danmarksdemokraterne,3424.560266746737,32766.00000000001,0.10451566461413464
Slagelse,A: Socialdemokratiet,17147.069823104357,58836.99999999998,0.2914334487330143
Slagelse,Did not vote,2882.9387660188477,58836.99999999998,0.04899873831124715
Slagelse,F: SF - Socialistisk Folkeparti,4109.475359395305,58836.99999999998,0.06984508658489226
Slagelse,I: Liberal Alliance,4858.24062491198,58836.99999999998,0.08257118182286625
Slagelse,M: Moderaterne,7494.194071906984,58836.99999999998,0.12737213100441877
Slagelse,Other,1209.8901915883139,58836.99999999998,0.02056342423285202
Slagelse,Other - Left,4502.490465336791,58836.99999999998,0.07652481372838169
Slagelse,Other - Right,5911.411749716045,58836.99999999998,0.10047099188803045
Slagelse,V: Venstre,7142.634740852652,58836.99999999998,0.12139699068362857
Slagelse,Æ: Danmarksdemokraterne,3578.654207168724,58836.99999999998,0.06082319301066889
Solrød,A: Socialdemokratiet,4235.850225070421,17053.00000000001,0.24839325778868343
Solrød,Did not vote,605.0929631440682,17053.00000000001,0.03548307999437447
Solrød,F: SF - Socialistisk Folkeparti,1754.921413106112,17053.00000000001,0.1029098348153469
Solrød,I: Liberal Alliance,1575.8848698861493,17053.00000000001,0.09241100509506528
Solrød,M: Moderaterne,1588.7194718576452,17053.00000000001,0.09316363524644604
Solrød,Other,446.8644696130027,17053.00000000001,0.02620444904785096
Solrød,Other - Left,1469.1154643103303,17053.00000000001,0.08614997151881366
Solrød,Other - Right,1548.01629724165,17053.00000000001,0.09077677225365911
Solrød,V: Venstre,2623.294211351333,17053.00000000001,0.15383183084215865
Solrød,Æ: Danmarksdemokraterne,1205.2406144192848,17053.00000000001,0.07067616339760066
Sorø,A: Socialdemokratiet,6794.091335131353,22481.000000000007,0.3022148185192541
Sorø,Did not vote,1033.6376482247426,22481.000000000007,0.04597827713290077
Sorø,F: SF - Socialistisk Folkeparti,2578.081455676511,22481.000000000007,0.11467823743056403
Sorø,I: Liberal Alliance,1399.8293547169706,22481.000000000007,0.062267219194740896
Sorø,M: Moderaterne,2322.247421168479,22481.000000000007,0.10329822610953597
Sorø,Other,411.4137815756923,22481.000000000007,0.018300510723530634
Sorø,Other - Left,1908.5403675379475,22481.000000000007,0.0848957060423445
Sorø,Other - Right,2331.381788536701,22481.000000000007,0.103704541103007
Sorø,V: Venstre,2469.698208067124,22481.000000000007,0.1098571330486688
Sorø,Æ: Danmarksdemokraterne,1232.0786393644858,22481.000000000007,0.054805330695453285
Stevns,A: Socialdemokratiet,5136.687666320349,17558.999999999996,0.2925387360510479
Stevns,Did not vote,783.5663381273769,17558.999999999996,0.044624770096667064
Stevns,F: SF - Socialistisk Folkeparti,1753.5495703092836,17558.999999999996,0.09986614102792209
Stevns,I: Liberal Alliance,1434.0641291102231,17558.999999999996,0.08167117313686562
Stevns,M: Moderaterne,1336.1223774162363,17558.999999999996,0.07609330698879416
Stevns,Other,322.99845455200034,17558.999999999996,0.01839503699253946
Stevns,Other - Left,1362.852506280813,17558.999999999996,0.07761561058607058
Stevns,Other - Right,1809.030253937104,17558.999999999996,0.1030258131976254
Stevns,V: Venstre,2275.1718932890035,17558.999999999996,0.12957297643880653
Stevns,Æ: Danmarksdemokraterne,1344.9568106576107,17558.999999999996,0.07659643548366142
Struer,A: Socialdemokratiet,5063.169212821194,14759.999999999998,0.343033144500081
Struer,Did not vote,633.0383337690328,14759.999999999998,0.04288877600061198
Struer,F: SF - Socialistisk Folkeparti,918.6228926681966,14759.999999999998,0.062237323351503844
Struer,I: Liberal Alliance,1281.0483926796135,14759.999999999998,0.08679189652300906
Struer,M: Moderaterne,1059.3179274992024,14759.999999999998,0.0717695072831438
Struer,Other,255.89930944870068,14759.999999999998,0.01733735158866536
Struer,Other - Left,859.0443151960916,14759.999999999998,0.05820083436287884
Struer,Other - Right,1206.9514181432094,14759.999999999998,0.08177177629696541
Struer,V: Venstre,2112.602953270425,14759.999999999998,0.1431302813868852
Struer,Æ: Danmarksdemokraterne,1370.3052445043384,14759.999999999998,0.092839108706256
Svendborg,A: Socialdemokratiet,14433.327384188988,43977.00000000001,0.32820172781656287
Svendborg,Did not vote,1665.242873771764,43977.00000000001,0.03786622265665606
Svendborg,F: SF - Socialistisk Folkeparti,4025.33700450876,43977.00000000001,0.09153277860037655
Svendborg,I: Liberal Alliance,2824.5218032312523,43977.00000000001,0.06422725068174845
Svendborg,M: Moderaterne,4809.170216086179,43977.00000000001,0.10935648671092112
Svendborg,Other,950.3515199929352,43977.00000000001,0.021610194419649703
Svendborg,Other - Left,4380.385611917618,43977.00000000001,0.09960628537457347
Svendborg,Other - Right,4175.174763471302,43977.00000000001,0.09493996324149671
Svendborg,V: Venstre,3526.902285098681,43977.00000000001,0.080198792211808
Svendborg,Æ: Danmarksdemokraterne,3186.586537732516,43977.00000000001,0.07246029828620677
Syddjurs,A: Socialdemokratiet,9294.947493022395,32290.99999999999,0.28784947796669036
Syddjurs,Did not vote,1280.2096951031638,32290.99999999999,0.03964602195977716
Syddjurs,F: SF - Socialistisk Folkeparti,2561.4874418748864,32290.99999999999,0.07932511975085588
Syddjurs,I: Liberal Alliance,3587.120660463305,32290.99999999999,0.11108732032031544
Syddjurs,M: Moderaterne,2314.331078028634,32290.99999999999,0.07167108723881684
Syddjurs,Other,542.2702949242677,32290.99999999999,0.016793233251502518
Syddjurs,Other - Left,3312.5464959377205,32290.99999999999,0.1025842029029055
Syddjurs,Other - Right,3157.301540457815,32290.99999999999,0.0977765179293864
Syddjurs,V: Venstre,3650.927483301007,32290.99999999999,0.11306331433839176
Syddjurs,Æ: Danmarksdemokraterne,2589.8578168868175,32290.99999999999,0.08020370434135884
Sønderborg,A: Socialdemokratiet,17107.43323202504,50482.999999999985,0.33887513087623644
Sønderborg,Did not vote,2325.635367523581,50482.999999999985,0.04606769343191929
Sønderborg,F: SF - Socialistisk Folkeparti,3351.7270880994474,50482.999999999985,0.06639318360833248
Sønderborg,I: Liberal Alliance,4237.921502441506,50482.999999999985,0.08394749722563055
Sønderborg,M: Moderaterne,4052.1702285904407,50482.999999999985,0.08026801554167624
Sønderborg,Other,1020.5539817402579,50482.999999999985,0.02021579505457794
Sønderborg,Other - Left,3506.17522076299,50482.999999999985,0.06945259237293724
Sønderborg,Other - Right,5198.504608301799,50482.999999999985,0.1029753502823089
Sønderborg,V: Venstre,5547.81693568698,50482.999999999985,0.10989475537679975
Sønderborg,Æ: Danmarksdemokraterne,4135.061834827945,50482.999999999985,0.08190998622958116
Thisted,A: Socialdemokratiet,10587.370617301855,30482.999999999993,0.3473204939573486
Thisted,Did not vote,1338.3332923235548,30482.999999999993,0.043904251298217206
Thisted,F: SF - Socialistisk Folkeparti,1899.1644171475189,30482.999999999993,0.062302411742529255
Thisted,I: Liberal Alliance,2840.960719895658,30482.999999999993,0.09319819964884225
Thisted,M: Moderaterne,2006.0444163110335,30482.999999999993,0.06580862829482118
Thisted,Other,467.4726442310209,30482.999999999993,0.015335519608667816
Thisted,Other - Left,2055.4116561077253,30482.999999999993,0.06742812899346277
Thisted,Other - Right,3133.0549642973483,30482.999999999993,0.10278040102015383
Thisted,V: Venstre,3421.9341611823434,30482.999999999993,0.11225713221081732
Thisted,Æ: Danmarksdemokraterne,2733.2531112019474,30482.999999999993,0.08966483322514018
Tårnby,A: Socialdemokratiet,8930.466581713914,29507.00000000001,0.3026558640903484
Tårnby,Did not vote,1323.389066796877,29507.00000000001,0.0448500039582769
Tårnby,F: SF - Socialistisk Folkeparti,2386.0553911159195,29507.00000000001,0.08086404551855216
Tårnby,I: Liberal Alliance,2489.7286045211345,29507.00000000001,0.08437755802084704
Tårnby,M: Moderaterne,2551.4070572548108,29507.00000000001,0.08646785702561459
Tårnby,Other,880.1854512720304,29507.00000000001,0.029829716720508017
Tårnby,Other - Left,2890.835103394591,29507.00000000001,0.09797116288997831
Tårnby,Other - Right,3927.6894646785645,29507.00000000001,0.13311043022599936
Tårnby,V: Venstre,2308.883154897591,29507.00000000001,0.07824865811155285
Tårnby,Æ: Danmarksdemokraterne,1818.3601243545736,29507.00000000001,0.061624703438322194
Tønder,A: Socialdemokratiet,6559.374128959381,24631.999999999993,0.266294824982112
Tønder,Did not vote,1159.4132842963672,24631.999999999993,0.04706939283437673
Tønder,F: SF - Socialistisk Folkeparti,1663.1977943524498,24631.999999999993,0.06752183315818652
Tønder,I: Liberal Alliance,2103.6255812820536,24631.999999999993,0.08540214279319805
Tønder,M: Moderaterne,2744.3953187108345,24631.999999999993,0.11141585412109595
Tønder,Other,384.61724020854706,24631.999999999993,0.015614535571961154
Tønder,Other - Left,1620.4974835441174,24631.999999999993,0.06578830316434385
Tønder,Other - Right,2848.1179082503963,24631.999999999993,0.11562674197184139
Tønder,V: Venstre,3459.3614518771283,24631.999999999993,0.14044176079397244
Tønder,Æ: Danmarksdemokraterne,2089.3998085187236,24631.999999999993,0.08482461060891215
Vallensbæk,A: Socialdemokratiet,2576.985354783138,10523,0.2448907492904246
Vallensbæk,Did not vote,481.8383948312901,10523,0.04578907106635846
Vallensbæk,F: SF - Socialistisk Folkeparti,769.1905442024321,10523,0.0730961269792295
Vallensbæk,I: Liberal Alliance,943.4359873296839,10523,0.08965466001422445
Vallensbæk,M: Moderaterne,1019.3426314050604,10523,0.09686806342345913
Vallensbæk,Other,252.22759158246842,10523,0.023969171489353645
Vallensbæk,Other - Left,1113.634701586096,10523,0.10582863266997017
Vallensbæk,Other - Right,1535.1015645347925,10523,0.14588060102012662
Vallensbæk,V: Venstre,1223.4958901695225,10523,0.11626873421738311
Vallensbæk,Æ: Danmarksdemokraterne,607.747339575518,10523,0.0577541898294705
Varde,A: Socialdemokratiet,9453.40751971038,34385,0.27492823963095475
Varde,Did not vote,1533.273445769535,34385,0.044591346394344485
Varde,F: SF - Socialistisk Folkeparti,1956.439686667352,34385,0.05689805690467797
Varde,I: Liberal Alliance,2835.255950771184,34385,0.08245618585927537
Varde,M: Moderaterne,3055.1861894229896,34385,0.08885229575172283
Varde,Other,542.3310950407789,34385,0.01577231627281602
Varde,Other - Left,2264.29438869135,34385,0.06585122549633125
Varde,Other - Right,3806.2690467417106,34385,0.1106956244508277
Varde,V: Venstre,6481.564285104464,34385,0.18849976109072164
Varde,Æ: Danmarksdemokraterne,2456.9783920802624,34385,0.07145494814832812
Vejen,A: Socialdemokratiet,7704.209584160337,29072.000000000004,0.2650044573527909
Vejen,Did not vote,1311.6230167205513,29072.000000000004,0.04511636683821378
Vejen,F: SF - Socialistisk Folkeparti,1815.3206336706137,29072.000000000004,0.06244223423467988
Vejen,I: Liberal Alliance,2481.668297514022,29072.000000000004,0.08536283356886426
Vejen,M: Moderaterne,2684.6760477664398,29072.000000000004,0.09234576388849888
Vejen,Other,509.53740054796896,29072.000000000004,0.017526740525177796
Vejen,Other - Left,2007.4936067110953,29072.000000000004,0.06905247684064031
Vejen,Other - Right,3579.156321849867,29072.000000000004,0.12311352235311868
Vejen,V: Venstre,4931.972296274861,29072.000000000004,0.16964681811622387
Vejen,Æ: Danmarksdemokraterne,2046.3427947842463,29072.000000000004,0.07038878628179163
Vejle,A: Socialdemokratiet,20604.1714027951,82619.00000000006,0.24938780913343278
Vejle,Did not vote,3828.7427305933097,82619.00000000006,0.04634215774329521
Vejle,F: SF - Socialistisk Folkeparti,6303.828801515824,82619.00000000006,0.07629998912496908
Vejle,I: Liberal Alliance,8449.935717681114,82619.00000000006,0.10227593795230042
Vejle,M: Moderaterne,6905.676295405126,82619.00000000006,0.08358460275971775
Vejle,Other,1561.1201623910097,82619.00000000006,0.018895413432636666
Vejle,Other - Left,7296.806197182205,82619.00000000006,0.08831874262799357
Vejle,Other - Right,9362.359083770652,82619.00000000006,0.11331968534805124
Vejle,V: Venstre,11944.487704098308,82619.00000000006,0.1445731333482407
Vejle,Æ: Danmarksdemokraterne,6361.871904567359,82619.00000000006,0.07700252852936194
Vesthimmerlands,A: Socialdemokratiet,7326.674271414994,25675.000000000004,0.28536219168120713
Vesthimmerlands,Did not vote,1317.8789372542592,25675.000000000004,0.051329267273778345
Vesthimmerlands,F: SF - Socialistisk Folkeparti,1895.3514440963227,25675.000000000004,0.07382089363568929
Vesthimmerlands,I: Liberal Alliance,2108.202385307486,25675.000000000004,0.0821110958250238
Vesthimmerlands,M: Moderaterne,1654.6103133821105,25675.000000000004,0.06444441337418151
Vesthimmerlands,Other,382.6623144146659,25675.000000000004,0.014904082353054172
Vesthimmerlands,Other - Left,1760.213126632738,25675.000000000004,0.06855747328657207
Vesthimmerlands,Other - Right,3158.2140102765356,25675.000000000004,0.12300736164660313
Vesthimmerlands,V: Venstre,3185.5362661252534,25675.000000000004,0.12407151961539446
Vesthimmerlands,Æ: Danmarksdemokraterne,2885.6569310956315,25675.000000000004,0.11239170130849585
Viborg,A: Socialdemokratiet,18609.999492099992,69280.99999999996,0.2686162077929014
Viborg,Did not vote,2995.3207927668477,69280.99999999996,0.04323437584282631
Viborg,F: SF - Socialistisk Folkeparti,4996.099672950266,69280.99999999996,0.07211356176946448
Viborg,I: Liberal Alliance,6044.568414943215,69280.99999999996,0.08724713002039837
Viborg,M: Moderaterne,4358.6851820761785,69280.99999999996,0.06291313898581402
Viborg,Other,1139.688829147663,69280.99999999996,0.016450236416155423
Viborg,Other - Left,5252.451659381716,69280.99999999996,0.07581373911146952
Viborg,Other - Right,13378.447317978374,69280.99999999996,0.1931041312622275
Viborg,V: Venstre,8417.629288447255,69280.99999999996,0.12149982373879217
Viborg,Æ: Danmarksdemokraterne,4088.109350208482,69280.99999999996,0.05900765505995128
Vordingborg,A: Socialdemokratiet,11419.000915640197,33915,0.33669470486923775
Vordingborg,Did not vote,1581.8641111051031,33915,0.04664202008270981
Vordingborg,F: SF - Socialistisk Folkeparti,3643.261246367132,33915,0.10742330079219024
Vordingborg,I: Liberal Alliance,2131.4587697455754,33915,0.06284708151984596
Vordingborg,M: Moderaterne,3716.2068623026707,33915,0.10957413717536992
Vordingborg,Other,586.9954118568389,33915,0.01730784053831163
Vordingborg,Other - Left,2580.667791701443,33915,0.0760922244346585
Vordingborg,Other - Right,3172.4828934765433,33915,0.09354217583595882
Vordingborg,V: Venstre,3111.2745579616126,33915,0.09173741878111787
Vordingborg,Æ: Danmarksdemokraterne,1971.7874398428735,33915,0.05813909597059925
