State,District,Incumbent,Incumbent_Party,Status,PVI_2026,Democratic_Candidates,Republican_Candidates,Independent_ThirdParty,Democratic_Count,Republican_Count,Independent_Count,Primaries_Over,District_full
Alabama,AL-01,None (new seat),None (new seat),New representative to be elected,R+17,['Clyde Jones Jr.'],"['Lucas Burger', 'Jerry Carl', 'John Mills', 'Austin Sidwell']",[],1,4,0,False,Alabama 1
Alabama,AL-02,Shomari Figures,Democratic,Incumbent running,R+7,['Shomari Figures'],"['Hampton Harris', 'Christian Horn', 'Rhett Marques', 'David Matthews', 'Joshua McKee', 'James Richardson']",[],1,6,0,False,Alabama 2
Alabama,AL-02,Barry Moore Redistricted from the 1st district,Republican,Incumbent retiring to run for U.S. Senate.[27] Republican loss.,R+7,['Shomari Figures'],"['Hampton Harris', 'Christian Horn', 'Rhett Marques', 'David Matthews', 'Joshua McKee', 'James Richardson']",[],1,6,0,False,Alabama 2
Alabama,AL-03,Mike Rogers,Republican,Incumbent renominated,R+23,['Lee McInnis'],['Mike Rogers'],[],1,1,0,True,Alabama 3
Alabama,AL-04,Robert Aderholt,Republican,Incumbent renominated,R+33,['Amanda Pusczek'],['Robert Aderholt'],[],1,1,0,True,Alabama 4
Alabama,AL-05,Dale Strong,Republican,Incumbent renominated,R+15,['Andrew Sneed'],['Dale Strong'],[],1,1,0,True,Alabama 5
Alabama,AL-06,Gary Palmer,Republican,Incumbent running,R+17,"['Jacob Bouma-Sims', 'Ashtyn Kennedy', 'Maurice Mercer', 'Keith Pilkington']","['Case Dixon', 'Gary Palmer']",[],4,2,0,False,Alabama 6
Alabama,AL-07,Terri Sewell,Democratic,Incumbent running,D+10,['Terri Sewell'],"['Ammie Akin', 'David Perry']",[],1,2,0,False,Alabama 7
Alaska,AK-01,Nick Begich III,Republican,Incumbent running,R+6,"['Eric Hafner', 'Yaquelin Reynoso', 'John Williams']","['Nick Begich III', 'Eddie Goldfarb', 'Clay Strickland']","[{'name': 'David Ambrose II', 'party': 'Independent'}, {'name': 'Lady Donna Dutchess', 'party': 'Independent'}, {'name': 'John Foddrill', 'party': 'Libertarian'}, {'name': 'Bill Hill', 'party': 'Independent'}, {'name': 'Jim McDermott', 'party': 'Libertarian'}, {'name': 'David Richey', 'party': 'Independent'}, {'name': 'Bronco Williams', 'party': 'Independent'}]",3,3,7,False,Alaska 01
Arizona,AZ-01,David Schweikert,Republican,Incumbent retiring to run for governor[28],R+1,['Amish Shah'],['Jay Feely'],"[{'name': 'Monica Alponte', 'party': 'Libertarian'}]",1,1,1,True,Arizona 1
Arizona,AZ-02,Eli Crane,Republican,Incumbent renominated,R+7,['Jonathan Nez'],['Eli Crane'],"[{'name': 'Curtis Goodwin', 'party': 'Libertarian'}]",1,1,1,True,Arizona 2
Arizona,AZ-03,Yassamin Ansari,Democratic,Incumbent renominated,D+22,['Yassamin Ansari'],[],"[{'name': 'Alan Aversa', 'party': 'No Labels'}]",1,0,1,False,Arizona 3
Arizona,AZ-04,Greg Stanton,Democratic,Incumbent renominated,D+4,['Greg Stanton'],['Zuhdi Jasser'],"[{'name': 'Tisha Benoit', 'party': 'No Labels'}]",1,1,1,True,Arizona 4
Arizona,AZ-05,Andy Biggs,Republican,Incumbent retiring to run for governor[29],R+10,['Elizabeth Lee'],['Mark Lamb'],[],1,1,0,True,Arizona 5
Arizona,AZ-06,Juan Ciscomani,Republican,Incumbent renominated,EVEN,['JoAnna Mendoza'],['Juan Ciscomani'],"[{'name': 'Jereme Peters', 'party': 'Libertarian'}]",1,1,1,True,Arizona 6
Arizona,AZ-07,Adelita Grijalva,Democratic,Incumbent renominated,D+13,['Adelita Grijalva'],['Daniel Butierez'],[],1,1,0,True,Arizona 7
Arizona,AZ-08,Abraham Hamadeh,Republican,Incumbent renominated,R+8,['Bernadette Greene-Placentia'],['Abraham Hamadeh'],[],1,1,0,True,Arizona 8
Arizona,AZ-09,Paul Gosar,Republican,Incumbent renominated,R+15,['Dani Sterbinsky'],['Paul Gosar'],[],1,1,0,True,Arizona 9
Arkansas,AR-01,Rick Crawford,Republican,Incumbent renominated,R+23,['Terri Green'],['Rick Crawford'],"[{'name': 'Steve Parsons', 'party': 'Libertarian'}]",1,1,1,True,Arkansas 1
Arkansas,AR-02,French Hill,Republican,Incumbent renominated,R+8,['Chris Jones'],['French Hill'],[],1,1,0,True,Arkansas 2
Arkansas,AR-03,Steve Womack,Republican,Incumbent renominated,R+13,['Robb Ryerse'],['Steve Womack'],"[{'name': 'Bobby Wilson', 'party': 'Libertarian'}]",1,1,1,True,Arkansas 3
Arkansas,AR-04,Bruce Westerman,Republican,Incumbent renominated,R+20,['James Russell'],['Bruce Westerman'],[],1,1,0,True,Arkansas 4
California,CA-01,James Gallagher,Republican,Incumbent advanced to general,D+7,['Mike McGuire'],['James Gallagher'],[],1,1,0,True,California 1
California,CA-02,Jared Huffman,Democratic,Incumbent advanced to general,D+13,['Jared Huffman'],['Robin Littau'],[],1,1,0,True,California 2
California,CA-03,Ami Bera Redistricted from the 6th district,Democratic,Incumbent advanced to general,D+6,['Ami Bera'],['Robb Tucker'],[],1,1,0,True,California 3
California,CA-04,Mike Thompson,Democratic,Incumbent advanced to general. Democratic hold.,D+8,"['Eric Jones', 'Mike Thompson']",[],[],2,0,0,False,California 4
California,CA-05,Tom McClintock,Republican,Incumbent advanced to general,R+10,['Michael Masuda'],['Tom McClintock'],[],1,1,0,True,California 5
California,CA-06,Kevin Kiley Redistricted from the 3rd district,Independent,Incumbent advanced to general,D+5,['Richard Pan'],[],"[{'name': 'Kevin Kiley', 'party': 'Independent'}]",1,0,1,False,California 6
California,CA-07,Doris Matsui,Democratic,Incumbent advanced to general. Democratic hold.,D+7,"['Doris Matsui', 'Mai Vang']",[],[],2,0,0,False,California 7
California,CA-08,John Garamendi,Democratic,Incumbent advanced to general,D+19,['John Garamendi'],['Rudy Recile'],[],1,1,0,True,California 8
California,CA-09,Josh Harder,Democratic,Incumbent advanced to general,D+8,['Josh Harder'],['John McBride'],[],1,1,0,True,California 9
California,CA-10,Mark DeSaulnier,Democratic,Incumbent advanced to general,D+18,['Mark DeSaulnier'],['Jeff Frese'],[],1,1,0,True,California 10
California,CA-11,Nancy Pelosi,Democratic,Incumbent retiring.[2] Democratic hold.,D+36,"['Connie Chan', 'Scott Wiener']",[],[],2,0,0,False,California 11
California,CA-12,Lateefah Simon,Democratic,Incumbent advanced to general Democratic hold.,D+39,"['Jamie Joyce', 'Lateefah Simon']",[],[],2,0,0,False,California 12
California,CA-13,Adam Gray,Democratic,Incumbent advanced to general,D+2,['Adam Gray'],['Kevin Lincoln'],[],1,1,0,True,California 13
California,CA-14,TBD[l],Democratic,Incumbent to be determined in 2026. Democratic hold.,D+19,"['Melissa Hernandez', 'Aisha Wahab']",[],[],2,0,0,False,California 14
California,CA-15,Kevin Mullin,Democratic,Incumbent advanced to general,D+26,['Kevin Mullin'],['Charles Hoelter'],[],1,1,0,True,California 15
California,CA-16,Sam Liccardo,Democratic,Incumbent advanced to general,D+25,['Sam Liccardo'],[''],[],1,1,0,True,California 16
California,CA-17,Ro Khanna,Democratic,Incumbent advanced to general,D+21,['Ro Khanna'],['Ritesh Tandon'],[],1,1,0,True,California 17
California,CA-18,Zoe Lofgren,Democratic,Incumbent advanced to general,D+16,['Zoe Lofgren'],['Shane Lewis'],[],1,1,0,True,California 18
California,CA-19,Jimmy Panetta,Democratic,Incumbent advanced to general,D+18,['Jimmy Panetta'],['Peter Coe Verbica'],[],1,1,0,True,California 19
California,CA-20,Vince Fong,Republican,Incumbent advanced to general,R+16,['Sandra Van Scotter'],['Vince Fong'],[],1,1,0,True,California 20
California,CA-21,Jim Costa,Democratic,Incumbent advanced to general,D+5,['Jim Costa'],['Kyle Kirkland'],[],1,1,0,True,California 21
California,CA-22,David Valadao,Republican,Incumbent advanced to general,D+1,['Randy Villegas'],['David Valadao'],[],1,1,0,True,California 22
California,CA-23,Jay Obernolte,Republican,Incumbent advanced to general,R+9,['Tessa Lynn Hodge'],['Jay Obernolte'],[],1,1,0,True,California 23
California,CA-24,Salud Carbajal,Democratic,Incumbent advanced to general,D+13,['Salud Carbajal'],['Bob Smith'],[],1,1,0,True,California 24
California,CA-25,Raul Ruiz,Democratic,Incumbent advanced to general,D+4,['Raul Ruiz'],['Joe Males'],[],1,1,0,True,California 25
California,CA-26,Julia Brownley,Democratic,Incumbent retiring[3],D+9,['Jacqui Irwin'],['Sam Gallucci'],[],1,1,0,True,California 26
California,CA-27,George T. Whitesides,Democratic,Incumbent advanced to general,D+6,['George Whitesides'],['Jason Gibbs'],[],1,1,0,True,California 27
California,CA-28,Judy Chu,Democratic,Incumbent advanced to general,D+14,['Judy Chu'],['April Verlato'],[],1,1,0,True,California 28
California,CA-29,Luz Rivas,Democratic,Incumbent advanced to general. Democratic hold.,D+19,"['as', 'Luz Rivas']",[],[],2,0,0,False,California 29
California,CA-30,Laura Friedman,Democratic,Incumbent advanced to general,D+21,['Laura Friedman'],['Scott Meyers'],[],1,1,0,True,California 30
California,CA-31,Gil Cisneros,Democratic,Incumbent advanced to general,D+8,['Gil Cisneros'],['Eric Ching'],[],1,1,0,True,California 31
California,CA-32,Brad Sherman,Democratic,Incumbent advanced to general,D+14,['Brad Sherman'],['Larry Thompson'],[],1,1,0,True,California 32
California,CA-33,Pete Aguilar,Democratic,Incumbent advanced to general,D+7,['Pete Aguilar'],['Stephanie Vargas'],[],1,1,0,True,California 33
California,CA-34,Jimmy Gomez,Democratic,Incumbent advanced to general. Democratic hold.,D+28,"['Jimmy Gomez', 'Angela Gonzales-Torres']",[],[],2,0,0,False,California 34
California,CA-35,Norma Torres,Democratic,Incumbent advanced to general,D+6,['Norma Torres'],['Mike Cargile'],[],1,1,0,True,California 35
California,CA-36,Ted Lieu,Democratic,Incumbent advanced to general,D+21,['Ted Lieu'],['Houston Brignano'],[],1,1,0,True,California 36
California,CA-37,Sydney Kamlager-Dove,Democratic,Incumbent advanced to general. Democratic hold.,D+33,"['Sydney Kamlager-Dove', 'Samantha Mota']",[],[],2,0,0,False,California 37
California,CA-38,None (new seat),None (new seat),New representative to be elected,D+8,['Hilda Solis'],['Pedro Casas'],[],1,1,0,True,California 38
California,CA-39,Mark Takano,Democratic,Incumbent advanced to general,D+7,['Mark Takano'],['Steve Manos'],[],1,1,0,True,California 39
California,CA-40,Young Kim,Republican,Incumbent advanced to general. Republican hold.,R+6,[],"['Ken Calvert', 'Young Kim']",[],0,2,0,False,California 40
California,CA-40,Ken Calvert Redistricted from the 41st district,Republican,Incumbent advanced to general. Republican hold.,R+6,[],"['Ken Calvert', 'Young Kim']",[],0,2,0,False,California 40
California,CA-41,Linda Sánchez Redistricted from the 38th district,Democratic,Incumbent advanced to general,D+9,['nchez'],['Mitch Clemmons'],[],1,1,0,True,California 41
California,CA-42,Robert Garcia,Democratic,Incumbent advanced to general,D+8,['Robert Garcia'],['Brian Burley'],[],1,1,0,True,California 42
California,CA-43,Maxine Waters,Democratic,Incumbent advanced to general,D+27,['Maxine Waters'],['Cristian Morales'],[],1,1,0,True,California 43
California,CA-44,Nanette Barragán,Democratic,Incumbent advanced to general,D+20,['n'],['Genevieve Angel'],[],1,1,0,True,California 44
California,CA-45,Derek Tran,Democratic,Incumbent advanced to general,D+3,['Derek Tran'],['Chuong Vo'],[],1,1,0,True,California 45
California,CA-46,Lou Correa,Democratic,Incumbent advanced to general,D+10,['Lou Correa'],['David Pan'],[],1,1,0,True,California 46
California,CA-47,Dave Min,Democratic,Incumbent advanced to general,D+6,['Dave Min'],['Jenny Le Roux'],[],1,1,0,True,California 47
California,CA-48,Darrell Issa,Republican,Incumbent retiring[30],D+2,['Marni von Wilpert'],['Jim Desmond'],[],1,1,0,True,California 48
California,CA-49,Mike Levin,Democratic,Incumbent advanced to general,D+7,['Mike Levin'],['Armen Kurdian'],[],1,1,0,True,California 49
California,CA-50,Scott Peters,Democratic,Incumbent advanced to general,D+10,['Scott Peters'],['Steve Cohen'],[],1,1,0,True,California 50
California,CA-51,Sara Jacobs,Democratic,Incumbent advanced to general,D+10,['Sara Jacobs'],['Ricardo Cabrera'],[],1,1,0,True,California 51
California,CA-52,Juan Vargas,Democratic,Incumbent advanced to general,D+11,['Juan Vargas'],['Jeff Belle'],[],1,1,0,True,California 52
Colorado,CO-01,Diana DeGette,Democratic,Incumbent lost renomination,D+29,['Melat Kiros'],['Christy Peterson'],"[{'name': 'Shimon Blau', 'party': 'Independent'}]",1,1,1,True,Colorado 1
Colorado,CO-02,Joe Neguse,Democratic,Incumbent renominated,D+20,['Joe Neguse'],['Kelley Dennison'],[],1,1,0,True,Colorado 2
Colorado,CO-03,Jeff Hurd,Republican,Incumbent renominated,R+5,['Dwayne Romero'],['Jeff Hurd'],[],1,1,0,True,Colorado 3
Colorado,CO-04,Lauren Boebert,Republican,Incumbent renominated,R+9,['Eileen Laubacher'],['Lauren Boebert'],"[{'name': 'Tim Veldhuizen', 'party': 'Independent'}]",1,1,1,True,Colorado 4
Colorado,CO-05,Jeff Crank,Republican,Incumbent renominated,R+5,['Jessica Killin'],['Jeff Crank'],[],1,1,0,True,Colorado 5
Colorado,CO-06,Jason Crow,Democratic,Incumbent renominated,D+11,['Jason Crow'],['Jason Clark'],[],1,1,0,True,Colorado 6
Colorado,CO-07,Brittany Pettersen,Democratic,Incumbent renominated,D+8,['Brittany Pettersen'],['Tim Bennett'],[],1,1,0,True,Colorado 7
Colorado,CO-08,Gabe Evans,Republican,Incumbent renominated,EVEN,['Manny Rutinel'],['Gabe Evans'],[],1,1,0,True,Colorado 8
Connecticut,CT-01,John B. Larson,Democratic,Incumbent running,D+12,"['Luke Bronin', 'Ruth Fortune', 'Jillian Gilchrest', 'John B. Larson']",['Amy Chai'],[],4,1,0,False,Connecticut 1
Connecticut,CT-02,Joe Courtney,Democratic,Incumbent running,D+4,['Joe Courtney'],['George Austin'],[],1,1,0,True,Connecticut 2
Connecticut,CT-03,Rosa DeLauro,Democratic,Incumbent running,D+8,['Rosa DeLauro'],['Chris Lancia'],[],1,1,0,True,Connecticut 3
Connecticut,CT-04,Jim Himes,Democratic,Incumbent running,D+13,['Jim Himes'],"['Michael Goldstein', 'Dan Miressi']",[],1,2,0,False,Connecticut 4
Connecticut,CT-05,Jahana Hayes,Democratic,Incumbent running,D+3,['Jahana Hayes'],"['Jonathan De Barros', 'Chris Shea']",[],1,2,0,False,Connecticut 5
Delaware,DE-01,Sarah McBride,Democratic,Incumbent running,D+8,['Sarah McBride'],"['Joseph Arminio', 'Earl Cooper', 'John Whalen']",[],1,3,0,False,Delaware 01
Florida,FL-01,Jimmy Patronis,Republican,Incumbent running,R+18,[],"['Douglas Chico', 'John Frankman']","[{'name': 'Tyler Davis', 'party': 'Independent'}, {'name': 'Jimmy Patronis', 'party': 'Republican ▌Gay Valimont (Democratic'}]",0,2,2,False,Florida 1
Florida,FL-02,Neal Dunn,Republican,Incumbent retiring[31],R+8,"['Yen Bailey', 'Brice Barnes', 'Amanda Green', 'Nic Zateslo']","['Keith Gross', 'Lee Jones', 'Nick Lewis', 'Luke Murphy', 'Jim Norton', 'Evan Power', 'Austin Rogers', 'Audie Rowell']",[],4,8,0,False,Florida 2
Florida,FL-03,Kat Cammack,Republican,Incumbent running,R+10,"['Troy Albers', 'Seth Harp', 'George Hubac', 'Tom Wells']",['Kat Cammack'],"[{'name': 'Mike Klein', 'party': 'Independent'}]",4,1,1,False,Florida 3
Florida,FL-04,Aaron Bean,Republican,Incumbent running,R+5,"['LaShonda Holloway', 'Michael Kirwan', 'Brittany Robinson']",['Aaron Bean'],"[{'name': 'Todd Schaefer', 'party': 'Independent'}, {'name': 'Mike Sell', 'party': 'Florida Forward'}]",3,1,2,False,Florida 4
Florida,FL-05,John Rutherford,Republican,Incumbent running,R+10,"['Rachel Grage', 'Alex Hazen', 'Mark Heggestad']","['Mark Kaye', 'John Rutherford']",[],3,2,0,False,Florida 5
Florida,FL-06,Randy Fine,Republican,Incumbent running,R+14,"['Robert Cooper II', 'Steve Morgan', 'Ronnie Murchinson-Rivera', 'Eric Yonce']","['Manuel Asensio', 'Aaron Baker', 'Dan Bilzerian', 'Randy Fine', 'Charles Gambaro Jr.']","[{'name': 'Michael Gist', 'party': 'Independent'}, {'name': 'Andrew Parrott', 'party': 'Libertarian'}]",4,5,2,False,Florida 6
Florida,FL-07,Cory Mills,Republican,Incumbent running,R+5,"['Bale Dalton', 'Alan Grayson', 'Marialana Kinter']","['Ryan Elijah', 'Michael Johnson', 'Cory Mills', 'Sarah Ulrich']","[{'name': 'Christopher Dennison', 'party': 'Libertarian'}]",3,4,1,False,Florida 7
Florida,FL-08,Mike Haridopolos,Republican,Incumbent running,R+8,['Jennifer Jenkins'],['Mike Haridopolos'],[],1,1,0,True,Florida 8
Florida,FL-09,Darren Soto,Democratic,Incumbent running,R+8,['Darren Soto'],"['Ben Butler', 'Marcus Carter', 'Thomas Chalifoux', 'Dan Green', 'Jorge Martinez', 'Steve Rance', 'Justin Story']",[],1,7,0,False,Florida 9
Florida,FL-10,Maxwell Frost,Democratic,Incumbent re-elected,D+13,['Maxwell Frost'],[],[],1,0,0,False,Florida 10
Florida,FL-11,Daniel Webster,Republican,Incumbent retiring[32],R+7,"['James Pericola', 'Royal Webster', 'Dan Williams']","['Carey Baker', 'Ivette Palomo', 'Nizam Razack', 'Joe Strada', 'Tim Wilkins']","[{'name': 'Ralph Groves', 'party': 'Libertarian'}]",3,5,1,False,Florida 11
Florida,FL-12,Gus Bilirakis,Republican,Incumbent running,R+7,"['Darren McAuley', 'Kimberly Overman']",['Gus Bilirakis'],"[{'name': 'Branden Scrivener', 'party': 'Independent'}]",2,1,1,False,Florida 12
Florida,FL-13,Anna Paulina Luna,Republican,Incumbent running,R+6,"['Leela Gray', 'John Liccione', 'Brandt Robinson']",['Anna Paulina Luna'],"[{'name': ""Tony D'Arrigo"", 'party': 'Independent'}]",3,1,1,False,Florida 13
Florida,FL-14,Kathy Castor,Democratic,Incumbent running,R+4,['Kathy Castor'],"['Mike Beltran', 'John Peters', 'Rocky Rochford', 'Gavriel Soriano', 'Kevin Steele', 'Ergin Tek', 'Bea Valenti']","[{'name': 'Brian Lambert', 'party': 'Libertarian'}]",1,7,1,False,Florida 14
Florida,FL-15,Laurel Lee,Republican,Incumbent running,R+9,"['Chris Irizarry', 'Robert People']",['Laurel Lee'],[],2,1,0,False,Florida 15
Florida,FL-16,Vern Buchanan,Republican,Incumbent retiring[33],R+6,"['Jon Harris', 'Kelly Kirschner', 'Tamika Lyles', 'Glenn Pearson', 'Jan Schneider']","['Sydney Gruters', 'Ed Pope', 'Eddie Speir']","[{'name': 'Mark Davis', 'party': 'Independent'}]",5,3,1,False,Florida 16
Florida,FL-17,Greg Steube,Republican,Incumbent running,R+10,"['Matthew Montavon', 'Allen Spence']",['Greg Steube'],"[{'name': 'Michael Quirk', 'party': 'Independent'}]",2,1,1,False,Florida 17
Florida,FL-18,Scott Franklin,Republican,Incumbent running,R+8,['Curtis Gibson'],['Scott Franklin'],"[{'name': 'Deva Simmons', 'party': 'Independent'}]",1,1,1,True,Florida 18
Florida,FL-19,Byron Donalds,Republican,Incumbent retiring to run for governor[34],R+14,"['Victor Arias', 'Robert Neeld', 'Howard Sapp']","['Greg Bukowski', 'Madison Cawthorn', 'Chris Collins', 'Ola Hawatmeh', 'Catalina Lauf', 'Jim Oberweis', 'Mike Pedersen', 'Linda Sawyer', 'Jim Schwartzel', 'John Strand']","[{'name': 'Seth Haskin', 'party': 'Independent'}]",3,10,1,False,Florida 19
Florida,FL-20,Vac­ant[m],Vac­ant[m],Incumbent to be determined in 2026,D+20,"['Luther Campbell', 'Sheila Cherfilus-McCormick', 'Dale Holness', 'Elijah Manley', 'Debbie Wasserman Schultz']","['Brent Andersen', 'Lateresa Jones', 'Rod Joseph', 'Carla Spalding']","[{'name': 'Kedner Maxime', 'party': 'Independent Party of Florida'}]",5,4,1,False,Florida 20
Florida,FL-20,Debbie Wasserman Schultz Redistricted from the 25th district,Democratic,Incumbent running,D+20,"['Luther Campbell', 'Sheila Cherfilus-McCormick', 'Dale Holness', 'Elijah Manley', 'Debbie Wasserman Schultz']","['Brent Andersen', 'Lateresa Jones', 'Rod Joseph', 'Carla Spalding']","[{'name': 'Kedner Maxime', 'party': 'Independent Party of Florida'}]",5,4,1,False,Florida 20
Florida,FL-21,Brian Mast,Republican,Incumbent running,R+7,"['James Martin', 'Bernard Taylor']",['Brian Mast'],"[{'name': 'Alexander Cooke', 'party': 'Independent'}]",2,1,1,False,Florida 21
Florida,FL-22,None (new seat),None (new seat),New representative to be elected,R+4,"['Pia Dandiya', 'Kaysia Earley']","['Casey Askar', 'David Burck', 'Michael Carbonara', 'Richard Evans', 'Terri Hasdorff', 'Belinda Keiser', 'Michael Thompson']",[],2,7,0,False,Florida 22
Florida,FL-23,Lois Frankel Redistricted from the 22nd district,Democratic,Incumbent running,D+9,"['Victoria Doyle', 'Lois Frankel', 'Mark Piper']","['Deborah Adeimy', 'Paola Branda']",[],3,2,0,False,Florida 23
Florida,FL-24,Frederica Wilson,Democratic,Incumbent retiring[5],D+22,"['Marshall Davis Sr.', 'Oliver Gilbert', 'Shevrin Jones', 'Kendrick Meek', 'Rudy Moise', 'Jean Monestime', 'Roderick Vereen']",['Te Mayonna Brown'],"[{'name': 'Andy Daro', 'party': 'Independent'}]",7,1,1,False,Florida 24
Florida,FL-25,Jared Moskowitz Redistricted from the 23rd district,Democratic,Incumbent running,R+3,"['Oliver Larkin', 'Jared Moskowitz']","['Dan Franzese', 'Raven Harrison', 'Joe Kaufman', 'George Moraitis', 'Scott Singer']","[{'name': 'Peter Jassenoff', 'party': 'Libertarian'}]",2,5,1,False,Florida 25
Florida,FL-26,Mario Díaz-Balart,Republican,Incumbent running,R+7,['Nicole Locklin'],['az-Balart'],"[{'name': 'Deborah Ann Meidinger Hosey', 'party': 'Independent'}]",1,1,1,True,Florida 26
Florida,FL-27,María Elvira Salazar,Republican,Incumbent running,R+6,"['Robin Peguero', 'Eliott Rodriguez']","['Michael Arias', 'a Elvira Salazar']",[],2,2,0,False,Florida 27
Florida,FL-28,Carlos A. Giménez,Republican,Incumbent running,R+10,['Phil Ehr'],['Carlos Gimenez'],"[{'name': 'Eddy Rojas', 'party': 'Independent'}]",1,1,1,True,Florida 28
Georgia,GA-01,Buddy Carter,Republican,Incumbent retiring to run for U.S. Senate[35],R+8,['Amanda Hollowell'],['Jim Kingston'],[],1,1,0,True,Georgia 1
Georgia,GA-02,Sanford Bishop,Democratic,Incumbent renominated,D+4,['Sanford Bishop'],['Matt Day'],[],1,1,0,True,Georgia 2
Georgia,GA-03,Brian Jack,Republican,Incumbent renominated,R+15,['Maura Keller'],['Brian Jack'],[],1,1,0,True,Georgia 3
Georgia,GA-04,Hank Johnson,Democratic,Incumbent renominated,D+27,['Hank Johnson'],['James Duffie'],[],1,1,0,True,Georgia 4
Georgia,GA-05,Nikema Williams,Democratic,Incumbent renominated,D+36,['Nikema Williams'],['John Oscar Salvesen'],[],1,1,0,True,Georgia 5
Georgia,GA-06,Lucy McBath,Democratic,Incumbent renominated,D+25,['Lucy McBath'],['Kevin Martin'],[],1,1,0,True,Georgia 6
Georgia,GA-07,Rich McCormick,Republican,Incumbent renominated,R+11,['Tony Kozycki'],['Rich McCormick'],[],1,1,0,True,Georgia 7
Georgia,GA-08,Austin Scott,Republican,Incumbent renominated,R+15,['Kelly Esti'],['Austin Scott'],[],1,1,0,True,Georgia 8
Georgia,GA-09,Andrew Clyde,Republican,Incumbent renominated,R+17,['Caitlyn Gegen'],['Andrew Clyde'],[],1,1,0,True,Georgia 9
Georgia,GA-10,Mike Collins,Republican,Incumbent retiring to run for U.S. Senate[36],R+11,['Pam Delancy'],['Houston Gaines'],[],1,1,0,True,Georgia 10
Georgia,GA-11,Barry Loudermilk,Republican,Incumbent retiring[37],R+12,['Chris Harden'],['John Cowan'],[],1,1,0,True,Georgia 11
Georgia,GA-12,Rick Allen,Republican,Incumbent renominated,R+7,['Ceretta Smith'],['Rick Allen'],[],1,1,0,True,Georgia 12
Georgia,GA-13,TBD[n],Democratic,Incumbent to be determined in 2026,D+21,['Jasmine Clark'],['Jonathan Chavez'],[],1,1,0,True,Georgia 13
Georgia,GA-14,Clay Fuller,Republican,Incumbent renominated,R+19,['Shawn Harris'],['Clay Fuller'],"[{'name': 'Andrew Underwood', 'party': 'Libertarian'}]",1,1,1,True,Georgia 14
Hawaii,HI-01,Ed Case,Democratic,Incumbent renominated,D+13,['Ed Case'],['Adriel Lam'],"[{'name': 'Nathan Berning', 'party': 'Independent'}, {'name': 'Jordan Conley', 'party': 'Green'}]",1,1,2,True,Hawaii 1
Hawaii,HI-02,Jill Tokuda,Democratic,Incumbent renominated,D+12,['Jill Tokuda'],['Brenton Awa'],"[{'name': 'Edward Codelia', 'party': 'Independent'}, {'name': 'Randall Terry', 'party': 'Independent'}]",1,1,2,True,Hawaii 2
Idaho,ID-01,Russ Fulcher,Republican,Incumbent renominated,R+22,['Kaylee Peterson'],['Russ Fulcher'],"[{'name': 'Brendan Gomez', 'party': 'Constitution'}, {'name': 'Sarah Zabel', 'party': 'Independent'}]",1,1,2,True,Idaho 1
Idaho,ID-02,Mike Simpson,Republican,Incumbent renominated,R+13,['Ellie Gilbreath'],['Mike Simpson'],"[{'name': 'Emre Houser', 'party': 'Independent'}, {'name': 'Tripp Hutchinson', 'party': 'Independent'}, {'name': 'Will Johanson', 'party': 'Libertarian'}, {'name': 'Carta Sierra', 'party': 'Constitution'}]",1,1,4,True,Idaho 2
Illinois,IL-01,Jonathan Jackson,Democratic,Incumbent renominated,D+18,['Jonathan Jackson'],['Christian Maxwell'],[],1,1,0,True,Illinois 1
Illinois,IL-02,Robin Kelly,Democratic,Incumbent retiring to run for U.S. Senate[6],D+18,['Donna Miller'],['Michael Noack'],[],1,1,0,True,Illinois 2
Illinois,IL-03,Delia Ramirez,Democratic,Incumbent renominated,D+17,['Delia Ramirez'],['Angel Oakley'],[],1,1,0,True,Illinois 3
Illinois,IL-04,Chuy García,Democratic,Incumbent retiring[7],D+17,['Patty Garcia'],['Lupe Castillo'],"[{'name': 'Chris Getty', 'party': 'Independent'}, {'name': 'Ed Hershey', 'party': 'Working Class'}]",1,1,2,True,Illinois 4
Illinois,IL-05,Mike Quigley,Democratic,Incumbent renominated,D+19,['Mike Quigley'],['Tommy Hanson'],[],1,1,0,True,Illinois 5
Illinois,IL-06,Sean Casten,Democratic,Incumbent renominated,D+3,['Sean Casten'],['Niki Conforti'],[],1,1,0,True,Illinois 6
Illinois,IL-07,Danny Davis,Democratic,Incumbent retiring[8],D+34,['La Shawn Ford'],['Chad Koppie'],[],1,1,0,True,Illinois 7
Illinois,IL-08,Raja Krishnamoorthi,Democratic,Incumbent retiring to run for U.S. Senate[9],D+5,['Melissa Bean'],['Jennifer Davis'],[],1,1,0,True,Illinois 8
Illinois,IL-09,Jan Schakowsky,Democratic,Incumbent retiring[10],D+19,['Daniel Biss'],['John Elleson'],[],1,1,0,True,Illinois 9
Illinois,IL-10,Brad Schneider,Democratic,Incumbent renominated,D+12,['Brad Schneider'],['Carl Lambrecht'],[],1,1,0,True,Illinois 10
Illinois,IL-11,Bill Foster,Democratic,Incumbent renominated,D+6,['Bill Foster'],['Jeff Walter'],[],1,1,0,True,Illinois 11
Illinois,IL-12,Mike Bost,Republican,Incumbent renominated,R+22,['Julie Fortier'],['Mike Bost'],[],1,1,0,True,Illinois 12
Illinois,IL-13,Nikki Budzinski,Democratic,Incumbent renominated,D+5,['Nikki Budzinski'],['Jeff Wilson'],[],1,1,0,True,Illinois 13
Illinois,IL-14,Lauren Underwood,Democratic,Incumbent renominated,D+3,['Lauren Underwood'],['James Marter'],[],1,1,0,True,Illinois 14
Illinois,IL-15,Mary Miller,Republican,Incumbent renominated,R+20,['Jennifer Todd'],['Mary Miller'],[],1,1,0,True,Illinois 15
Illinois,IL-16,Darin LaHood,Republican,Incumbent renominated,R+11,['Paul Nolley'],['Darin LaHood'],[],1,1,0,True,Illinois 16
Illinois,IL-17,Eric Sorensen,Democratic,Incumbent renominated,D+3,['Eric Sorensen'],['Dillan Vancil'],[],1,1,0,True,Illinois 17
Indiana,IN-01,Frank J. Mrvan,Democratic,Incumbent renominated,D+1,['Frank Mrvan'],['Barb Regnitz'],[],1,1,0,True,Indiana 1
Indiana,IN-02,Rudy Yakym,Republican,Incumbent renominated,R+13,['Jamee Decio'],['Rudy Yakym'],"[{'name': 'William Henry', 'party': 'Libertarian'}]",1,1,1,True,Indiana 2
Indiana,IN-03,Marlin Stutzman,Republican,Incumbent renominated,R+16,['Kelly Thompson'],['Marlin Stutzman'],[],1,1,0,True,Indiana 3
Indiana,IN-04,Jim Baird,Republican,Incumbent renominated,R+15,['Drew Cox'],['Jim Baird'],[],1,1,0,True,Indiana 4
Indiana,IN-05,Victoria Spartz,Republican,Incumbent renominated,R+8,['J. D. Ford'],['Victoria Spartz'],[],1,1,0,True,Indiana 5
Indiana,IN-06,Jefferson Shreve,Republican,Incumbent renominated,R+16,['Cinde Wirth'],['Jefferson Shreve'],[],1,1,0,True,Indiana 6
Indiana,IN-07,André Carson,Democratic,Incumbent renominated,D+21,['Carson'],['Patrick McAuley'],"[{'name': 'James Sceniak', 'party': 'Libertarian'}]",1,1,1,True,Indiana 7
Indiana,IN-08,Mark Messmer,Republican,Incumbent renominated,R+18,['Mary Allen'],['Mark Messmer'],[],1,1,0,True,Indiana 8
Indiana,IN-09,Erin Houchin,Republican,Incumbent renominated,R+15,['Brad Meyer'],['Erin Houchin'],"[{'name': 'Tonya Hudson', 'party': 'Libertarian'}, {'name': 'Floyd Taylor', 'party': 'Independent'}]",1,1,2,True,Indiana 9
Iowa,IA-01,Mariannette Miller-Meeks,Republican,Incumbent renominated,R+4,['Christina Bohannan'],['Mariannette Miller-Meeks'],"[{'name': 'Michael Bridgford', 'party': 'Independent'}]",1,1,1,True,Iowa 1
Iowa,IA-02,Ashley Hinson,Republican,Incumbent retiring to run for U.S. Senate[38],R+4,['Lindsay James'],['Joe Mitchell'],"[{'name': 'Dave Bushaw', 'party': 'Independent'}, {'name': 'Rick Stewart', 'party': 'Libertarian'}]",1,1,2,True,Iowa 2
Iowa,IA-03,Zach Nunn,Republican,Incumbent renominated,R+2,['Sarah Trone Garriott'],['Zach Nunn'],[],1,1,0,True,Iowa 3
Iowa,IA-04,Randy Feenstra,Republican,Incumbent retiring to run for governor[39],R+15,['David Dawson'],['Chris McGowan'],[],1,1,0,True,Iowa 4
Kansas,KS-01,Tracey Mann,Republican,Incumbent renominated,R+16,['Lauren Reinhold'],['Tracey Mann'],[],1,1,0,True,Kansas 1
Kansas,KS-02,Derek Schmidt,Republican,Incumbent renominated,R+10,['Don Coover'],['Derek Schmidt'],[],1,1,0,True,Kansas 2
Kansas,KS-03,Sharice Davids,Democratic,Incumbent renominated,D+2,['Sharice Davids'],['Eric Jenkins'],[],1,1,0,True,Kansas 3
Kansas,KS-04,Ron Estes,Republican,Incumbent renominated,R+12,['Katy Tyndell'],['Ron Estes'],[],1,1,0,True,Kansas 4
Kentucky,KY-01,James Comer,Republican,Incumbent renominated,R+23,['Drew Williams'],['James Comer'],[],1,1,0,True,Kentucky 1
Kentucky,KY-02,Brett Guthrie,Republican,Incumbent renominated,R+20,['Megan Wingfield'],['Brett Guthrie'],"[{'name': 'Thomas Loecken', 'party': 'Independent'}]",1,1,1,True,Kentucky 2
Kentucky,KY-03,Morgan McGarvey,Democratic,Incumbent renominated,D+10,['Morgan McGarvey'],['Maria Rodriquez'],[],1,1,0,True,Kentucky 3
Kentucky,KY-04,Thomas Massie,Republican,Incumbent lost renomination[71],R+18,['Melissa Strange'],['Ed Gallrein'],"[{'name': 'Mohammad Wael Ahmad', 'party': 'Kentucky Party'}, {'name': 'Jeremy Todd', 'party': 'Libertarian'}]",1,1,2,True,Kentucky 4
Kentucky,KY-05,Hal Rogers,Republican,Incumbent renominated,R+32,['Ned Pillersdorf'],['Hal Rogers'],"[{'name': 'Gerardo Serrano', 'party': 'Independent'}, {'name': 'Mikel Wein', 'party': 'Independent'}]",1,1,2,True,Kentucky 5
Kentucky,KY-06,Andy Barr,Republican,Incumbent retiring to run for U.S. Senate[40],R+7,['Zach Dembo'],['Ralph Alvarado'],"[{'name': 'Jay Bowman', 'party': 'Independent'}, {'name': 'Pete Lynch', 'party': 'Kentucky Party'}]",1,1,2,True,Kentucky 6
Louisiana,LA-01,Steve Scalise,Republican,Incumbent running,R+20,['Lauren Jewett'],"['Randall Arrington', 'Steve Scalise']","[{'name': 'Liddy Glass', 'party': 'Independent'}]",1,2,1,False,Louisiana 1
Louisiana,LA-02,Troy Carter,Democratic,Incumbent running,D+25,"['Troy Carter', 'Renada Collins']",['Peter Williams'],"[{'name': 'Lisa Ballay', 'party': 'Libertarian'}, {'name': 'Walter Beach', 'party': 'Independent'}]",2,1,2,False,Louisiana 2
Louisiana,LA-03,Clay Higgins,Republican,Incumbent running,R+18,"['John Day', 'Priscilla Gonzalez', 'Tia LeBrun', 'Caleb Walker']","['Kate Cotten', 'Clay Higgins']",[],4,2,0,False,Louisiana 3
Louisiana,LA-04,Mike Johnson,Republican,Incumbent running,R+17,"['Conrad Cable', 'Matt Gromlich']","['Mike Johnson', 'Mike Nichols']",[],2,2,0,False,Louisiana 4
Louisiana,LA-05,Julia Letlow,Republican,Incumbent retiring to run for U.S. Senate[41],R+17,"['Dan McKay', 'Antonio Wilson']","['Stewart Cathey Jr.', 'Misti Cordell', 'Omar Dantzler', 'Michael Echols', 'Gabe Firment', 'Austin Magee']",[],2,6,0,False,Louisiana 5
Louisiana,LA-06,Cleo Fields,Democratic,Incumbent retiring to run for Louisiana State Senate[11],R+16,"['Pat Forbes', 'Lindsay Garcia']","['Monique Appeaning', 'Larry Davis', 'Rick Edmonds', 'Chris Johnson', 'Michael Mebruer', 'Blake Miguez', 'Stephen Wagley']","[{'name': 'Rufus Craig', 'party': 'Libertarian'}]",2,7,1,False,Louisiana 6
Maine,ME-01,Chellie Pingree,Democratic,Incumbent renominated,D+11,['Chellie Pingree'],['Ronald Russell'],[],1,1,0,True,Maine 1
Maine,ME-02,Jared Golden,Democratic,Incumbent retiring[12],R+4,['Matthew Dunlap'],['Paul LePage'],[],1,1,0,True,Maine 2
Maryland,MD-01,Andy Harris,Republican,Incumbent renominated,R+8,['Dan Schwartz'],['Andy Harris'],[],1,1,0,True,Maryland 1
Maryland,MD-02,Johnny Olszewski,Democratic,Incumbent renominated,D+10,['Johnny Olszewski'],['Dave Wallace'],[],1,1,0,True,Maryland 2
Maryland,MD-03,Sarah Elfreth,Democratic,Incumbent renominated,D+12,['Sarah Elfreth'],['Berney Flowers'],[],1,1,0,True,Maryland 3
Maryland,MD-04,Glenn Ivey,Democratic,Incumbent renominated,D+39,['Glenn Ivey'],['George McDermott'],"[{'name': 'Sam Husseini', 'party': 'Green'}]",1,1,1,True,Maryland 4
Maryland,MD-05,Steny Hoyer,Democratic,Incumbent retiring[13],D+17,['Adrian Boafo'],['Chris Chaffee'],"[{'name': 'Jonathan Burruss', 'party': 'Independent'}, {'name': 'Brian Jordan', 'party': 'Independent'}]",1,1,2,True,Maryland 5
Maryland,MD-06,April McClain Delaney,Democratic,Incumbent renominated,D+3,['April McClain Delaney'],['Robin Ficker'],"[{'name': 'Moshe Landman', 'party': 'Green'}]",1,1,1,True,Maryland 6
Maryland,MD-07,Kweisi Mfume,Democratic,Incumbent renominated,D+31,['Kweisi Mfume'],['Scott Collier'],[],1,1,0,True,Maryland 7
Maryland,MD-08,Jamie Raskin,Democratic,Incumbent renominated,D+30,['Jamie Raskin'],['Cheryl Riley'],"[{'name': 'Nancy Wallace', 'party': 'Green'}]",1,1,1,True,Maryland 8
Massachusetts,MA-01,Richard Neal,Democratic,Incumbent running,D+8,"['Richard Neal', 'Jeromie Whalen']",[],"[{'name': 'Nadia Milleron', 'party': 'Independent'}]",2,0,1,False,Massachusetts 1
Massachusetts,MA-02,Jim McGovern,Democratic,Incumbent running,D+13,['Jim McGovern'],[],[],1,0,0,False,Massachusetts 2
Massachusetts,MA-03,Lori Trahan,Democratic,Incumbent running,D+11,['Lori Trahan'],['Gary Grossi'],[],1,1,0,True,Massachusetts 3
Massachusetts,MA-04,Jake Auchincloss,Democratic,Incumbent running,D+11,"['Jake Auchincloss', 'Jason Poulos']",['Tom Stalcup'],[],2,1,0,False,Massachusetts 4
Massachusetts,MA-05,Katherine Clark,Democratic,Incumbent running,D+24,"['Katherine Clark', 'Jonathan Paz', 'Tarik Samman']",[],[],3,0,0,False,Massachusetts 5
Massachusetts,MA-06,Seth Moulton,Democratic,Incumbent retiring to run for U.S. Senate[14],D+11,"['Bethany Andres-Beck', 'John Beccia', 'Jamie Belsito', 'Daniel Koh', 'Mariah Lancaster', 'Tram Nguyen']",['Micah Jones'],[],6,1,0,False,Massachusetts 6
Massachusetts,MA-07,Ayanna Pressley,Democratic,Incumbent running,D+34,['Ayanna Pressley'],[],[],1,0,0,False,Massachusetts 7
Massachusetts,MA-08,Stephen Lynch,Democratic,Incumbent running,D+15,"['Stephen Lynch', 'Patrick Roath']",['Robert Burke'],[],2,1,0,False,Massachusetts 8
Massachusetts,MA-09,Bill Keating,Democratic,Incumbent running,D+6,['Craig Swallow'],[],"[{'name': 'Bill Keating', 'party': 'Democratic} ▌Tyler MacAllister (Republican'}]",1,0,1,False,Massachusetts 9
Michigan,MI-01,Jack Bergman,Republican,Incumbent renominated,R+11,['Callie Barr'],['Jack Bergman'],"[{'name': 'LaVeta Davenport', 'party': 'Green'}, {'name': 'Zebulon Featherly', 'party': 'Independent'}, {'name': 'Liz Hakola', 'party': 'Working Class'}, {'name': 'Doc Kovaly', 'party': 'U.S. Taxpayers'}, {'name': 'Arnett Satterla', 'party': 'Libertarian'}]",1,1,5,True,Michigan 1
Michigan,MI-02,John Moolenaar,Republican,Incumbent renominated,R+15,['Ben Ambrose'],['John Moolenaar'],"[{'name': 'Charlotte Magoon', 'party': 'Green'}]",1,1,1,True,Michigan 2
Michigan,MI-03,Hillary Scholten,Democratic,Incumbent renominated,D+4,['Hillary Scholten'],['Terri DeBoer'],[],1,1,0,True,Michigan 3
Michigan,MI-04,Bill Huizenga,Republican,Incumbent renominated,R+3,['Sean McCann'],['Bill Huizenga'],"[{'name': 'Shafina Che Barnett', 'party': 'Green'}]",1,1,1,True,Michigan 4
Michigan,MI-05,Tim Walberg,Republican,Incumbent renominated,R+13,['Christian Vukasovich'],['Tim Walberg'],"[{'name': 'Jim Bronke', 'party': 'Green'}, {'name': 'Sharon Marie Renier', 'party': 'U.S. Taxpayers'}, {'name': 'Ronald A Muszynski', 'party': 'Libertarian'}]",1,1,3,True,Michigan 5
Michigan,MI-06,Debbie Dingell,Democratic,Incumbent renominated,D+12,['Debbie Dingell'],['Heather Smiley'],"[{'name': 'Michael Mickevicius', 'party': 'U.S. Taxpayers'}, {'name': 'Linda Rayburn', 'party': 'Working Class'}, {'name': 'Clyde Shabazz', 'party': 'Green'}, {'name': 'Timothy A. Tegan', 'party': 'Libertarian'}]",1,1,4,True,Michigan 6
Michigan,MI-07,Tom Barrett,Republican,Incumbent renominated,EVEN,['William Lawrence'],['Tom Barrett'],"[{'name': 'Shane Dedrick', 'party': 'Green'}, {'name': 'Felix Thibodeau', 'party': 'Working Class'}]",1,1,2,True,Michigan 7
Michigan,MI-08,Kristen McDonald Rivet,Democratic,Incumbent renominated,R+1,['Kristen McDonald Rivet'],['Thomas Smith'],"[{'name': 'Jim Casha', 'party': 'Green'}, {'name': 'Kathy Goodwin', 'party': 'Working Class'}, {'name': 'Mia C. Pettus', 'party': 'Libertarian'}]",1,1,3,True,Michigan 8
Michigan,MI-09,Lisa McClain,Republican,Incumbent renominated,R+16,['Ray Pooley'],['Lisa McClain'],"[{'name': 'Destiny Clayton', 'party': 'Green'}, {'name': 'Kevin Vayko', 'party': 'Libertarian'}, {'name': 'John Vlahos', 'party': 'U.S. Taxpayers'}, {'name': 'Jim Walkowicz', 'party': 'Working Class'}]",1,1,4,True,Michigan 9
Michigan,MI-10,John James,Republican,Incumbent retiring to run for governor[42],R+3,['Christina Hines'],['Mike Bouchard'],"[{'name': 'Andrea L. Kirby', 'party': 'Working Class'}, {'name': 'Kwabena Nkromo', 'party': 'Green'}, {'name': 'Mike Saliba', 'party': 'Libertarian'}]",1,1,3,True,Michigan 10
Michigan,MI-11,Haley Stevens,Democratic,Incumbent retiring to run for U.S. Senate[15],D+9,['Jeremy Moss'],['Ethan Baker'],"[{'name': 'Farid Ishac', 'party': 'Libertarian'}, {'name': 'Anil Kumar', 'party': 'Independent'}, {'name': 'Ryan Teasdale', 'party': 'Green'}]",1,1,3,True,Michigan 11
Michigan,MI-12,Rashida Tlaib,Democratic,Incumbent renominated,D+21,['Rashida Tlaib'],['James Hooper'],"[{'name': 'Brenda K. Sanders', 'party': 'Green'}, {'name': 'Marc Joseph Sosnowski', 'party': 'U.S. Taxpayers'}, {'name': 'Gary Walkowicz', 'party': 'Working Class'}]",1,1,3,True,Michigan 12
Michigan,MI-13,Shri Thanedar,Democratic,Incumbent lost renomination,D+22,['Donavan McKinney'],['T.P. Nykoriak'],"[{'name': 'Shelby Campbell', 'party': 'Independent'}, {'name': 'Simone R. Coleman', 'party': 'Working Class'}, {'name': 'Chris Dardzinski', 'party': 'U.S. Taxpayers'}, {'name': 'Maurice Morton', 'party': 'Independent'}]",1,1,4,True,Michigan 13
Minnesota,MN-01,Brad Finstad,Republican,Incumbent running,R+6,[],"['Brad Finstad', 'Gregory Goetzman', 'Oliver Morlan']","[{'name': 'Alex Eaton', 'party': 'DFL'}, {'name': 'Jake Johnson', 'party': 'DFL'}]",0,3,2,False,Minnesota 1
Minnesota,MN-02,Angie Craig,DFL,Incumbent retiring to run for U.S. Senate[16],D+3,[],['Eric Pratt'],"[{'name': 'Abdi Abdulle', 'party': 'DFL'}, {'name': 'Kaela Berg', 'party': 'DFL'}, {'name': 'Matt Klein', 'party': 'DFL'}, {'name': 'Matt Little', 'party': 'DFL'}, {'name': 'Hugh McTavish', 'party': 'DFL'}, {'name': 'Christopher Mosel', 'party': 'DFL'}]",0,1,6,False,Minnesota 2
Minnesota,MN-03,Kelly Morrison,DFL,Incumbent running,D+11,[],"['Tyler Bass', 'Quentin Wittrock']","[{'name': 'Kelly Morrison', 'party': 'DFL'}]",0,2,1,False,Minnesota 3
Minnesota,MN-04,Betty McCollum,DFL,Incumbent running,D+18,[],"['Gene Rechtzigel', 'Paul Wikstrom', 'Paul Xiong']","[{'name': 'Betty McCollum', 'party': 'DFL'}, {'name': 'Aswar Rahman', 'party': 'DFL'}]",0,3,2,False,Minnesota 4
Minnesota,MN-05,Ilhan Omar,DFL,Incumbent running,D+32,[],"['Dalia Al-Aqidi', 'John Nagel', 'Angie Windhauser', 'Abbey Zieska']","[{'name': 'Julie Le', 'party': 'DFL'}, {'name': 'Abena McKenzie', 'party': 'DFL'}, {'name': 'Ilhan Omar', 'party': 'DFL'}, {'name': 'Latonya Reeves', 'party': 'DFL'}, {'name': 'Nate Schluter', 'party': 'DFL'}]",0,4,5,False,Minnesota 5
Minnesota,MN-06,Tom Emmer,Republican,Incumbent running,R+10,[],"['Chris Corey', 'Tom Emmer', 'Mike Foley']","[{'name': 'Doug Chapin', 'party': 'DFL'}, {'name': 'Kelly Doss', 'party': 'Forward-Independence'}]",0,3,2,False,Minnesota 6
Minnesota,MN-07,Michelle Fischbach,Republican,Incumbent running,R+18,[],['Michelle Fischbach'],"[{'name': 'Steve Carlson', 'party': 'DFL'}, {'name': 'Erik Osberg', 'party': 'DFL'}]",0,1,2,False,Minnesota 7
Minnesota,MN-08,Pete Stauber,Republican,Incumbent running,R+7,[],"['Anthony Hamilton', 'Pete Stauber']","[{'name': 'Luke Gulbranson', 'party': 'DFL'}, {'name': 'John Munter', 'party': 'DFL'}, {'name': 'Trina Swanson', 'party': 'DFL'}]",0,2,3,False,Minnesota 8
Mississippi,MS-01,Trent Kelly,Republican,Incumbent renominated,R+18,['Cliff Johnson'],['Trent Kelly'],[],1,1,0,True,Mississippi 1
Mississippi,MS-02,Bennie Thompson,Democratic,Incumbent renominated,D+11,['Bennie Thompson'],['Ron Eller'],"[{'name': 'Bennie Foster', 'party': 'Independent'}]",1,1,1,True,Mississippi 2
Mississippi,MS-03,Michael Guest,Republican,Incumbent renominated,R+14,['Michael Chiaradio'],['Michael Guest'],"[{'name': 'Erik Kiehle', 'party': 'Libertarian'}]",1,1,1,True,Mississippi 3
Mississippi,MS-04,Mike Ezell,Republican,Incumbent renominated,R+21,['Jeffrey Hulum III'],['Mike Ezell'],"[{'name': 'Carl Boyanton', 'party': 'Independent'}]",1,1,1,True,Mississippi 4
Missouri,MO-01,Wesley Bell,Democratic,Incumbent renominated,D+29,['Wesley Bell'],['Paul Berry'],"[{'name': 'Tom Schmitz', 'party': 'Libertarian'}]",1,1,1,True,Missouri 1
Missouri,MO-02,Ann Wagner,Republican,Incumbent renominated,R+6,['Fred Wellman'],['Ann Wagner'],"[{'name': 'Brandon Daugherty', 'party': 'Libertarian'}]",1,1,1,True,Missouri 2
Missouri,MO-03,Bob Onder,Republican,Incumbent renominated,R+10,['Bethany Mann'],['Bob Onder'],"[{'name': 'Jim Higgins', 'party': 'Libertarian'}]",1,1,1,True,Missouri 3
Missouri,MO-04,Mark Alford,Republican,Incumbent renominated,R+10,['Jordan Herrera'],['Mark Alford'],"[{'name': 'Thomas Holbrook', 'party': 'Libertarian'}]",1,1,1,True,Missouri 4
Missouri,MO-05,Emanuel Cleaver,Democratic,Incumbent renominated,R+9,['Emanuel Cleaver'],['Rick Brattin'],"[{'name': 'Randy Langkraehr', 'party': 'Libertarian'}]",1,1,1,True,Missouri 5
Missouri,MO-06,Sam Graves,Republican,Incumbent retiring[43],R+13,['Josh Smead'],['Chris Stigall'],"[{'name': 'Andy Maidment', 'party': 'Libertarian'}]",1,1,1,True,Missouri 6
Missouri,MO-07,Eric Burlison,Republican,Incumbent renominated,R+21,['Missi Hesketh'],['Eric Burlison'],"[{'name': 'Kevin Craig', 'party': 'Libertarian'}]",1,1,1,True,Missouri 7
Missouri,MO-08,Jason Smith,Republican,Incumbent renominated,R+27,['Chris Reichard'],['Jason Smith'],"[{'name': 'Rebecca Sharpe Lombard', 'party': 'Libertarian'}]",1,1,1,True,Missouri 8
Montana,MT-01,Ryan Zinke,Republican,Incumbent retiring[44],R+5,['Sam Forstag'],['Aaron Flint'],"[{'name': 'Kimberly Persico', 'party': 'Independent'}, {'name': 'Nick Sheehy', 'party': 'Libertarian'}]",1,1,2,True,Montana 1
Montana,MT-02,Troy Downing,Republican,Incumbent renominated,R+15,['Brian Miller'],['Troy Downing'],"[{'name': 'Michael Eisenhauer', 'party': 'Independent'}, {'name': 'Patrick McCracken', 'party': 'Libertarian'}]",1,1,2,True,Montana 2
Nebraska,NE-01,Mike Flood,Republican,Incumbent renominated,R+6,['Chris Backemeyer'],['Mike Flood'],"[{'name': 'Nik Sandman', 'party': 'Libertarian'}]",1,1,1,True,Nebraska 1
Nebraska,NE-02,Don Bacon,Republican,Incumbent retiring[45],D+3,['Denise Powell'],['Brinker Harding'],"[{'name': 'Eric Foreman', 'party': 'Libertarian'}]",1,1,1,True,Nebraska 2
Nebraska,NE-03,Adrian Smith,Republican,Incumbent renominated,R+27,['Becky Stille'],['Adrian Smith'],"[{'name': 'Macey Budke', 'party': 'Independent'}, {'name': 'Mark Cohen', 'party': 'Independent'}, {'name': 'David Else', 'party': 'Legal Marijuana Now'}]",1,1,3,True,Nebraska 3
Nevada,NV-01,Dina Titus,Democratic,Incumbent renominated,D+2,['Dina Titus'],['Carrie Buck'],"[{'name': 'Bobby Khan', 'party': 'Independent'}, {'name': 'Steven St. John', 'party': 'Independent'}, {'name': 'Anthony Thomas', 'party': 'Independent'}, {'name': 'Victor Willert', 'party': 'Independent'}]",1,1,4,True,Nevada 1
Nevada,NV-02,Mark Amodei,Republican,Incumbent retiring[46],R+7,['Teresa Benitez-Thompson'],['David Flippo'],"[{'name': 'Lynn Chapman', 'party': 'Independent American'}]",1,1,1,True,Nevada 2
Nevada,NV-03,Susie Lee,Democratic,Incumbent renominated,D+1,['Susie Lee'],"[""Martin O'Donnell""]","[{'name': 'David Anderson', 'party': 'Independent'}, {'name': 'Dean Johnson', 'party': 'Independent'}, {'name': 'Jon Kamerath', 'party': 'Independent American'}]",1,1,3,True,Nevada 3
Nevada,NV-04,Steven Horsford,Democratic,Incumbent renominated,D+2,['Steven Horsford'],['Cody Whipple'],"[{'name': 'Russell Best', 'party': 'Independent American'}, {'name': 'William Johnson', 'party': 'Independent'}, {'name': 'Gary Steele', 'party': 'Independent'}]",1,1,3,True,Nevada 4
New Hampshire,NH-01,Chris Pappas,Democratic,Incumbent retiring to run for U.S. Senate[17],D+2,"['Carleigh Beriont', 'Bill Conlin', 'Matthew Emerson', 'Heath Howard', 'Stefany Shaheen', 'Sarah Spinosa', 'Maura Sullivan', 'Christian Urrutia']","['Lindsey Anderson', 'Melissa Bailey', 'Michael Callis', 'Brian Cole', 'Anthony DiLorenzo', 'Hollie Noveletsky']",[],8,6,0,False,New Hampshire 1
New Hampshire,NH-02,Maggie Goodlander,Democratic,Incumbent running,D+2,"['Paige Beauchemin', 'Sarah Chadzynski', 'Maggie Goodlander']","['Dan Nicholson', 'Victor Orlando', 'Lily Tang Williams']",[],3,3,0,False,New Hampshire 2
New Jersey,NJ-01,Donald Norcross,Democratic,Incumbent renominated,D+10,['Donald Norcross'],['Damon Galdo'],[],1,1,0,True,New Jersey 1
New Jersey,NJ-02,Jeff Van Drew,Republican,Incumbent renominated,R+5,['Zack Mullock'],['Jeff Van Drew'],"[{'name': 'Jr.', 'party': 'Independent'}]",1,1,1,True,New Jersey 2
New Jersey,NJ-03,Herb Conaway,Democratic,Incumbent renominated,D+5,['Herb Conaway'],['Michael McGuire'],"[{'name': 'Ryan Kelly', 'party': 'Independent'}, {'name': 'Steven Welzer', 'party': 'Green'}]",1,1,2,True,New Jersey 3
New Jersey,NJ-04,Chris Smith,Republican,Incumbent renominated,R+14,['Rachel Peace'],['Chris Smith'],[],1,1,0,True,New Jersey 4
New Jersey,NJ-05,Josh Gottheimer,Democratic,Incumbent renominated,D+2,['Josh Gottheimer'],['Sean Kirrane'],"[{'name': 'Adam Rueda', 'party': 'Independent'}]",1,1,1,True,New Jersey 5
New Jersey,NJ-06,Frank Pallone,Democratic,Incumbent renominated,D+5,['Frank Pallone'],['Hillary Herzig'],[],1,1,0,True,New Jersey 6
New Jersey,NJ-07,Thomas Kean Jr.,Republican,Incumbent renominated,EVEN,['Rebecca Bennett'],['Thomas Kean Jr.'],"[{'name': 'Lana Leguia', 'party': 'Libertarian'}, {'name': ""Seamus O'Toole"", 'party': 'Independent'}]",1,1,2,True,New Jersey 7
New Jersey,NJ-08,Rob Menendez,Democratic,Incumbent renominated,D+15,['Rob Menendez'],[],"[{'name': 'Aristotle Eliopoulos', 'party': 'Independent'}, {'name': 'Craig Honts', 'party': 'Independent'}, {'name': ""Da'Shone Hughey"", 'party': 'Independent'}]",1,0,3,False,New Jersey 8
New Jersey,NJ-09,Nellie Pou,Democratic,Incumbent renominated,D+2,['Nellie Pou'],['Rosie Pino'],"[{'name': 'Terrisa Bukovinac', 'party': 'Independent'}]",1,1,1,True,New Jersey 9
New Jersey,NJ-10,LaMonica McIver,Democratic,Incumbent renominated,D+27,['LaMonica McIver'],['Carmen Bucco'],[],1,1,0,True,New Jersey 10
New Jersey,NJ-11,Analilia Mejia,Democratic,Incumbent renominated,D+5,['Analilia Mejia'],['Joe Hathaway'],"[{'name': 'Alan Bond', 'party': 'Independent'}]",1,1,1,True,New Jersey 11
New Jersey,NJ-12,Bonnie Watson Coleman,Democratic,Incumbent retiring[18],D+13,['Adam Hamawy'],['Gregg Mele'],"[{'name': 'Andres Jinete', 'party': 'Green'}, {'name': 'Winston Jordan', 'party': 'Independent'}]",1,1,2,True,New Jersey 12
New Mexico,NM-01,Melanie Stansbury,Democratic,Incumbent renominated,D+7,['Melanie Stansbury'],['Didi Okpareke'],[],1,1,0,True,New Mexico 1
New Mexico,NM-02,Gabe Vasquez,Democratic,Incumbent renominated,EVEN,['Gabe Vasquez'],['Greg Cunningham'],[],1,1,0,True,New Mexico 2
New Mexico,NM-03,Teresa Leger Fernandez,Democratic,Incumbent renominated,D+3,['ndez'],['Martin Zamora'],[],1,1,0,True,New Mexico 3
New York,NY-01,Nick LaLota,Republican,Incumbent renominated,R+4,['Chris Gallant'],['Nick LaLota'],[],1,1,0,True,New York 1
New York,NY-02,Andrew Garbarino,Republican,Incumbent renominated,R+6,['Patrick Halpin'],['Andrew Garbarino'],[],1,1,0,True,New York 2
New York,NY-03,Tom Suozzi,Democratic,Incumbent renominated,EVEN,['Tom Suozzi'],['Mike LiPetri'],[],1,1,0,True,New York 3
New York,NY-04,Laura Gillen,Democratic,Incumbent renominated,D+2,['Laura Gillen'],['Jeanine Driscoll'],[],1,1,0,True,New York 4
New York,NY-05,Gregory Meeks,Democratic,Incumbent renominated,D+24,['Gregory Meeks'],['George Marsh'],[],1,1,0,True,New York 5
New York,NY-06,Grace Meng,Democratic,Incumbent renominated,D+6,['Grace Meng'],['Joseph Chou'],[],1,1,0,True,New York 6
New York,NY-07,Nydia Velázquez,Democratic,Incumbent retiring[19],D+25,['Claire Valdez'],['Melvin Rivera'],[],1,1,0,True,New York 7
New York,NY-08,Hakeem Jeffries,Democratic,Incumbent renominated,D+24,['Hakeem Jeffries'],['Lewis Mizrahi'],[],1,1,0,True,New York 8
New York,NY-09,Yvette Clarke,Democratic,Incumbent renominated,D+22,['Yvette Clarke'],['Joel Anabilah-Azumah'],[],1,1,0,True,New York 9
New York,NY-10,Dan Goldman,Democratic,Incumbent lost renomination,D+32,['Brad Lander'],['Jennifer Moore'],[],1,1,0,True,New York 10
New York,NY-11,Nicole Malliotakis,Republican,Incumbent renominated,R+10,['Michael DeCillis'],['Nicole Malliotakis'],[],1,1,0,True,New York 11
New York,NY-12,Jerry Nadler,Democratic,Incumbent retiring[20],D+33,['Micah Lasher'],['Caroline Shinkle'],[],1,1,0,True,New York 12
New York,NY-13,Adriano Espaillat,Democratic,Incumbent lost renomination,D+32,['Darializa Avila Chevalier'],['Jomo Williams'],[],1,1,0,True,New York 13
New York,NY-14,Alexandria Ocasio-Cortez,Democratic,Incumbent renominated,D+19,['Alexandria Ocasio-Cortez'],['Diamant Hysenaj'],[],1,1,0,True,New York 14
New York,NY-15,Ritchie Torres,Democratic,Incumbent renominated,D+27,['Ritchie Torres'],['Stylo Sapaskis'],"[{'name': 'Gonzalo Duran', 'party': 'Conservative'}, {'name': 'Andre Easton', 'party': 'Independent'}]",1,1,2,True,New York 15
New York,NY-16,George Latimer,Democratic,Incumbent renominated,D+18,['George Latimer'],['Joseph Cinquemani'],[],1,1,0,True,New York 16
New York,NY-17,Mike Lawler,Republican,Incumbent renominated,D+1,['Cait Conley'],['Mike Lawler'],[],1,1,0,True,New York 17
New York,NY-18,Pat Ryan,Democratic,Incumbent renominated,D+2,['Pat Ryan'],['Jacqueline Auringer'],[],1,1,0,True,New York 18
New York,NY-19,Josh Riley,Democratic,Incumbent renominated,D+1,['Josh Riley'],['Peter Oberacker'],[],1,1,0,True,New York 19
New York,NY-20,Paul Tonko,Democratic,Incumbent renominated,D+8,['Paul Tonko'],['Ralph Ambrosio'],[],1,1,0,True,New York 20
New York,NY-21,Elise Stefanik,Republican,Incumbent retiring[47],R+10,['Blake Gendebien'],['Anthony Constantino'],[],1,1,0,True,New York 21
New York,NY-22,John Mannion,Democratic,Incumbent renominated,D+4,['John Mannion'],['Kailee Buller'],[],1,1,0,True,New York 22
New York,NY-23,Nick Langworthy,Republican,Incumbent renominated,R+10,['Aaron Gies'],['Nick Langworthy'],[],1,1,0,True,New York 23
New York,NY-24,Claudia Tenney,Republican,Incumbent renominated,R+11,['Alissa Ellman'],['Claudia Tenney'],"[{'name': 'Ken Estes', 'party': 'Independent'}, {'name': 'Todd Sloan', 'party': 'Independent'}]",1,1,2,True,New York 24
New York,NY-25,Joseph Morelle,Democratic,Incumbent renominated,D+10,['Joseph Morelle'],['Virginia McIntyre'],[],1,1,0,True,New York 25
New York,NY-26,Tim Kennedy,Democratic,Incumbent renominated,D+11,['Tim Kennedy'],['Dennis Hannon'],[],1,1,0,True,New York 26
North Carolina,NC-01,Don Davis,Democratic,Incumbent renominated,R+5,['Don Davis'],['Laurie Buckhout'],"[{'name': 'Tom Bailey', 'party': 'Libertarian'}]",1,1,1,True,North Carolina 1
North Carolina,NC-02,Deborah Ross,Democratic,Incumbent renominated,D+17,['Deborah Ross'],['Eugene Douglass'],"[{'name': 'Matthew Laszacs', 'party': 'Libertarian'}]",1,1,1,True,North Carolina 2
North Carolina,NC-03,Greg Murphy,Republican,Incumbent renominated,R+6,['Raymond Smith Jr.'],['Greg Murphy'],"[{'name': 'Daniel Cavender', 'party': 'Libertarian'}]",1,1,1,True,North Carolina 3
North Carolina,NC-04,Valerie Foushee,Democratic,Incumbent renominated,D+23,['Valerie Foushee'],['Max Ganorkar'],"[{'name': 'Guy Meilleur', 'party': 'Libertarian'}]",1,1,1,True,North Carolina 4
North Carolina,NC-05,Virginia Foxx,Republican,Incumbent renominated,R+9,['Chuck Hubbard'],['Virginia Foxx'],"[{'name': 'Robert Luffman', 'party': 'Libertarian'}]",1,1,1,True,North Carolina 5
North Carolina,NC-06,Addison McDowell,Republican,Incumbent renominated,R+9,['Cyril Jefferson'],['Addison McDowell'],[],1,1,0,True,North Carolina 6
North Carolina,NC-07,David Rouzer,Republican,Incumbent renominated,R+7,['Kimberly Hardy'],['David Rouzer'],"[{'name': 'Maad Abu-Ghazalah', 'party': 'Libertarian'}]",1,1,1,True,North Carolina 7
North Carolina,NC-08,Mark Harris,Republican,Incumbent renominated,R+10,['Colby Watson'],['Mark Harris'],[],1,1,0,True,North Carolina 8
North Carolina,NC-09,Richard Hudson,Republican,Incumbent renominated,R+8,['Richard Ojeda'],['Richard Hudson'],[],1,1,0,True,North Carolina 9
North Carolina,NC-10,Pat Harrigan,Republican,Incumbent renominated,R+9,['Ashley Bell'],['Pat Harrigan'],"[{'name': 'Steve Feldman', 'party': 'Libertarian'}]",1,1,1,True,North Carolina 10
North Carolina,NC-11,Chuck Edwards,Republican,Incumbent retiring[48],R+5,['Jamie Ager'],[],"[{'name': 'Travis Groo', 'party': 'Libertarian'}]",1,0,1,False,North Carolina 11
North Carolina,NC-12,Alma Adams,Democratic,Incumbent renominated,D+24,['Alma Adams'],['Jack Codiga'],[],1,1,0,True,North Carolina 12
North Carolina,NC-13,Brad Knott,Republican,Incumbent renominated,R+8,['Paul Barringer'],['Brad Knott'],"[{'name': 'Steven Swinton', 'party': 'Libertarian'}]",1,1,1,True,North Carolina 13
North Carolina,NC-14,Tim Moore,Republican,Incumbent renominated,R+8,['Lakesha Womack'],['Tim Moore'],[],1,1,0,True,North Carolina 14
North Dakota,ND-01,Julie Fedorchak,Republican,Incumbent renominated,R+18,[],['Julie Fedorchak'],"[{'name': 'Trygve Hammer', 'party': 'Democratic-NPL'}]",0,1,1,False,North Dakota 01
Ohio,OH-01,Greg Landsman,Democratic,Incumbent renominated,R+1,['Greg Landsman'],['Eric Conroy'],"[{'name': 'John Hancock', 'party': 'Libertarian'}]",1,1,1,True,Ohio 1
Ohio,OH-02,David Taylor,Republican,Incumbent renominated,R+21,['Jennifer Mazzuckelli'],['David Taylor'],[],1,1,0,True,Ohio 2
Ohio,OH-03,Joyce Beatty,Democratic,Incumbent renominated,D+21,['Joyce Beatty'],['Cleophus Dulaney'],[],1,1,0,True,Ohio 3
Ohio,OH-04,Jim Jordan,Republican,Incumbent renominated,R+21,['Joshua Kolasinski'],['Jim Jordan'],"[{'name': 'Tracey Tackett', 'party': 'Independent'}, {'name': 'Tamie Wilson', 'party': 'Independent'}]",1,1,2,True,Ohio 4
Ohio,OH-05,Bob Latta,Republican,Incumbent renominated,R+12,['Brian Shaver'],['Bob Latta'],[],1,1,0,True,Ohio 5
Ohio,OH-06,Michael Rulli,Republican,Incumbent renominated,R+17,['Elizabeth Kirtley'],['Michael Rulli'],[],1,1,0,True,Ohio 6
Ohio,OH-07,Max Miller,Republican,Incumbent renominated,R+5,['Brian Poindexter'],['Max Miller'],[],1,1,0,True,Ohio 7
Ohio,OH-08,Warren Davidson,Republican,Incumbent renominated,R+8,['Vanessa Enoch'],['Warren Davidson'],[],1,1,0,True,Ohio 8
Ohio,OH-09,Marcy Kaptur,Democratic,Incumbent renominated,R+5,['Marcy Kaptur'],['Derek Merrin'],"[{'name': 'Matthew Althaus', 'party': 'Libertarian'}]",1,1,1,True,Ohio 9
Ohio,OH-10,Mike Turner,Republican,Incumbent renominated,R+4,['Kristina Knickerbocker'],['Mike Turner'],"[{'name': 'Thomas McMasters', 'party': 'Libertarian'}]",1,1,1,True,Ohio 10
Ohio,OH-11,Shontel Brown,Democratic,Incumbent renominated,D+28,['Shontel Brown'],['Mike Kirchner'],[],1,1,0,True,Ohio 11
Ohio,OH-12,Troy Balderson,Republican,Incumbent renominated,R+15,['Jerrad Christian'],['Troy Balderson'],[],1,1,0,True,Ohio 12
Ohio,OH-13,Emilia Sykes,Democratic,Incumbent renominated,D+2,['Emilia Sykes'],['Carey Coleman'],[],1,1,0,True,Ohio 13
Ohio,OH-14,David Joyce,Republican,Incumbent renominated,R+10,['Maria Jukic'],['David Joyce'],[],1,1,0,True,Ohio 14
Ohio,OH-15,Mike Carey,Republican,Incumbent renominated,R+5,['Don Leonard'],['Mike Carey'],"[{'name': 'Brennan Barrington', 'party': 'Libertarian'}]",1,1,1,True,Ohio 15
Oklahoma,OK-01,Kevin Hern,Republican,Incumbent retiring to run for U.S. Senate[49],R+11,['John Croisant'],['Mark Tedford'],[],1,1,0,True,Oklahoma 1
Oklahoma,OK-02,Josh Brecheen,Republican,Incumbent renominated,R+28,['Brandon Wade'],['Josh Brecheen'],"[{'name': 'Ronnie Hopkins', 'party': 'Independent'}]",1,1,1,True,Oklahoma 2
Oklahoma,OK-03,Frank Lucas,Republican,Incumbent renominated,R+23,['Suzie Byrd'],['Frank Lucas'],[],1,1,0,True,Oklahoma 3
Oklahoma,OK-04,Tom Cole,Republican,Incumbent renominated,R+17,['Mitchell Jacob'],['Tom Cole'],"[{'name': 'Rocco Bonacci', 'party': 'Independent'}]",1,1,1,True,Oklahoma 4
Oklahoma,OK-05,Stephanie Bice,Republican,Incumbent renominated,R+9,['Jena Nelson'],['Stephanie Bice'],"[{'name': 'Robert Henri', 'party': 'Independent'}, {'name': 'Austin Nieves', 'party': 'Independent'}]",1,1,2,True,Oklahoma 5
Oregon,OR-01,Suzanne Bonamici,Democratic,Incumbent renominated,D+20,['Suzanne Bonamici'],['Barbara Kahl'],[],1,1,0,True,Oregon 1
Oregon,OR-02,Cliff Bentz,Republican,Incumbent renominated,R+14,['Chris Beck'],['Cliff Bentz'],[],1,1,0,True,Oregon 2
Oregon,OR-03,Maxine Dexter,Democratic,Incumbent renominated,D+24,['Maxine Dexter'],['Loran Ayles'],[],1,1,0,True,Oregon 3
Oregon,OR-04,Val Hoyle,Democratic,Incumbent renominated,D+6,['Val Hoyle'],['Monique DeSpain'],"[{'name': 'Justin Filip', 'party': 'Pacific Green'}]",1,1,1,True,Oregon 4
Oregon,OR-05,Janelle Bynum,Democratic,Incumbent renominated,D+4,['Janelle Bynum'],['Patti Adair'],"[{'name': 'Andrea Townsend', 'party': 'Pacific Green'}]",1,1,1,True,Oregon 5
Oregon,OR-06,Andrea Salinas,Democratic,Incumbent renominated,D+6,['Andrea Salinas'],['David Russ'],[],1,1,0,True,Oregon 6
Pennsylvania,PA-01,Brian Fitzpatrick,Republican,Incumbent renominated,D+1,['Bob Harvie'],['Brian Fitzpatrick'],[],1,1,0,True,Pennsylvania 1
Pennsylvania,PA-02,Brendan Boyle,Democratic,Incumbent renominated,D+19,['Brendan Boyle'],['Jessica Arriaga'],[],1,1,0,True,Pennsylvania 2
Pennsylvania,PA-03,Dwight Evans,Democratic,Incumbent retiring[21],D+40,['Chris Rabb'],[],"[{'name': 'Dennis Mahoney', 'party': 'Independent'}]",1,0,1,False,Pennsylvania 3
Pennsylvania,PA-04,Madeleine Dean,Democratic,Incumbent renominated,D+8,['Madeleine Dean'],['Aurora Stuski'],[],1,1,0,True,Pennsylvania 4
Pennsylvania,PA-05,Mary Gay Scanlon,Democratic,Incumbent renominated,D+15,['Mary Gay Scanlon'],['Nicholas Manganaro'],[],1,1,0,True,Pennsylvania 5
Pennsylvania,PA-06,Chrissy Houlahan,Democratic,Incumbent renominated,D+6,['Chrissy Houlahan'],['Marty Young'],[],1,1,0,True,Pennsylvania 6
Pennsylvania,PA-07,Ryan Mackenzie,Republican,Incumbent renominated,R+1,['Bob Brooks'],['Ryan Mackenzie'],"[{'name': 'Andrew Tupone', 'party': 'Green'}]",1,1,1,True,Pennsylvania 7
Pennsylvania,PA-08,Rob Bresnahan,Republican,Incumbent renominated,R+4,['Paige Cognetti'],['Rob Bresnahan'],[],1,1,0,True,Pennsylvania 8
Pennsylvania,PA-09,Dan Meuser,Republican,Incumbent renominated,R+19,['Rachel Wallace'],['Dan Meuser'],[],1,1,0,True,Pennsylvania 9
Pennsylvania,PA-10,Scott Perry,Republican,Incumbent renominated,R+3,['Janelle Stelson'],['Scott Perry'],[],1,1,0,True,Pennsylvania 10
Pennsylvania,PA-11,Lloyd Smucker,Republican,Incumbent renominated,R+11,['Nancy Mannion'],['Lloyd Smucker'],[],1,1,0,True,Pennsylvania 11
Pennsylvania,PA-12,Summer Lee,Democratic,Incumbent renominated,D+10,['Summer Lee'],['James Hayes'],[],1,1,0,True,Pennsylvania 12
Pennsylvania,PA-13,John Joyce,Republican,Incumbent renominated,R+23,['Beth Farnham'],['John Joyce'],[],1,1,0,True,Pennsylvania 13
Pennsylvania,PA-14,Guy Reschenthaler,Republican,Incumbent renominated,R+17,['Alan Bradstock'],['Guy Reschenthaler'],[],1,1,0,True,Pennsylvania 14
Pennsylvania,PA-15,Glenn Thompson,Republican,Incumbent renominated,R+19,['Ray Bilger'],['Glenn Thompson'],[],1,1,0,True,Pennsylvania 15
Pennsylvania,PA-16,Mike Kelly,Republican,Incumbent renominated,R+11,['Justin Wagner'],['Mike Kelly'],[],1,1,0,True,Pennsylvania 16
Pennsylvania,PA-17,Chris Deluzio,Democratic,Incumbent renominated,D+3,['Chris Deluzio'],['Tony Guy'],[],1,1,0,True,Pennsylvania 17
Rhode Island,RI-01,Gabe Amo,Democratic,Incumbent running,D+12,['Gabe Amo'],['Kellie Keenan'],"[{'name': 'Pedro DeSouza', 'party': 'Independent'}]",1,1,1,True,Rhode Island 1
Rhode Island,RI-02,Seth Magaziner,Democratic,Incumbent running,D+4,['Seth Magaziner'],"['Vic Mellor', 'Stephen Skoly']",[],1,2,0,False,Rhode Island 2
South Carolina,SC-01,Nancy Mace,Republican,Incumbent retiring to run for governor[50],R+6,['Nancy Lacore'],['Jenny Costa Honeycutt'],"[{'name': 'Margo Ellis', 'party': 'Alliance'}, {'name': 'Bill Reeside', 'party': 'Libertarian'}]",1,1,2,True,South Carolina 1
South Carolina,SC-02,Joe Wilson,Republican,Incumbent renominated,R+7,['Zyon Khalifa'],['Joe Wilson'],"[{'name': 'Dayna Alane Smith', 'party': 'Workers'}]",1,1,1,True,South Carolina 2
South Carolina,SC-03,Sheri Biggs,Republican,Incumbent renominated,R+21,['Eunice Lehmacher'],['Sheri Biggs'],"[{'name': 'Brian Corriea', 'party': 'Libertarian'}]",1,1,1,True,South Carolina 3
South Carolina,SC-04,William Timmons,Republican,Incumbent renominated,R+11,['Courtney McClain'],['William Timmons'],"[{'name': 'Jessica Ethridge', 'party': 'Libertarian'}]",1,1,1,True,South Carolina 4
South Carolina,SC-05,Ralph Norman,Republican,Incumbent retiring to run for governor[51],R+11,['Mallory Dittmer'],['Wes Climer'],"[{'name': 'Andy Kaplan', 'party': 'Forward'}]",1,1,1,True,South Carolina 5
South Carolina,SC-06,Jim Clyburn,Democratic,Incumbent renominated,D+13,['Jim Clyburn'],['John Peterson'],"[{'name': 'Joseph Oddo', 'party': 'Alliance'}]",1,1,1,True,South Carolina 6
South Carolina,SC-07,Russell Fry,Republican,Incumbent renominated,R+12,['John Vincent'],['Russell Fry'],[],1,1,0,True,South Carolina 7
South Dakota,SD-01,Dusty Johnson,Republican,Incumbent retiring to run for governor[53],R+15,['Nikki Gronli'],['Marty Jackley'],[],1,1,0,True,South Dakota 01
Tennessee,TN-01,Diana Harshbarger,Republican,Incumbent renominated,R+29,['Kristi Burke'],['Diana Harshbarger'],"[{'name': 'Joshua Ashburn', 'party': 'Independent'}, {'name': 'Richard Baker', 'party': 'Independent'}, {'name': 'Chris Campbell', 'party': 'Independent'}, {'name': 'Billy Cody', 'party': 'Independent'}, {'name': 'Tyler McClain', 'party': 'Independent'}]",1,1,5,True,Tennessee 1
Tennessee,TN-02,Tim Burchett,Republican,Incumbent renominated,R+17,['Michaela Barnett'],['Tim Burchett'],"[{'name': 'Bruce Fine', 'party': 'Independent'}, {'name': 'Adam Heimerman', 'party': 'Independent'}]",1,1,2,True,Tennessee 2
Tennessee,TN-03,Chuck Fleischmann,Republican,Incumbent renominated,R+18,['Anna Golladay'],['Chuck Fleischmann'],"[{'name': 'Dean Arnold', 'party': 'Independent'}, {'name': 'Jean Howard-Hill', 'party': 'Independent'}, {'name': 'Rodney Joe King', 'party': 'Independent'}, {'name': 'Donnie Ownby', 'party': 'Independent'}, {'name': 'Edward Roland', 'party': 'Independent'}]",1,1,5,True,Tennessee 3
Tennessee,TN-04,Scott DesJarlais,Republican,Incumbent renominated,R+11,['Victoria Broderick'],['Scott DesJarlais'],"[{'name': 'Jacob Anders', 'party': 'Independent'}]",1,1,1,True,Tennessee 4
Tennessee,TN-05,Andy Ogles,Republican,Incumbent lost renomination,R+10,['Chaz Molder'],['Charlie Hatcher'],"[{'name': 'James Johnson', 'party': 'Independent'}, {'name': ""l O'Leary"", 'party': 'Independent'}]",1,1,2,True,Tennessee 5
Tennessee,TN-06,John Rose,Republican,Incumbent retiring to run for governor[54],R+13,['Mike Croley'],['Johnny Garrett'],"[{'name': 'Christopher Monday', 'party': 'Independent'}, {'name': 'Angus Purdy', 'party': 'Independent'}]",1,1,2,True,Tennessee 6
Tennessee,TN-07,Matt Van Epps,Republican,Incumbent renominated,R+11,['Darden Copeland'],['Matt Van Epps'],"[{'name': 'Andrew Koontz', 'party': 'Independent'}, {'name': 'Lowell Reynolds', 'party': 'Independent'}]",1,1,2,True,Tennessee 7
Tennessee,TN-08,David Kustoff,Republican,Incumbent renominated,R+10,['Heidi Kuhn'],['David Kustoff'],"[{'name': 'Adam Austill', 'party': 'Independent'}, {'name': 'Wells Blankenship', 'party': 'Independent'}, {'name': 'Antonio Futch', 'party': 'Independent'}, {'name': 'Pamela Moses', 'party': 'Independent'}, {'name': 'Horace Taylor', 'party': 'Independent'}, {'name': 'Henry Ward III', 'party': 'Independent'}]",1,1,6,True,Tennessee 8
Tennessee,TN-09,Steve Cohen,Democratic,Incumbent retiring[22],R+9,['Justin Pearson'],['Brent Taylor'],"[{'name': 'Dennis Clark', 'party': 'Independent'}, {'name': 'Michelle Head', 'party': 'Independent'}]",1,1,2,True,Tennessee 9
Texas,TX-01,Nathaniel Moran,Republican,Incumbent renominated,R+24,['Yolanda Prince'],['Nathaniel Moran'],[],1,1,0,True,Texas 1
Texas,TX-02,Dan Crenshaw,Republican,Incumbent lost renomination[73],R+11,['Shaun Finnie'],['Steve Toth'],[],1,1,0,True,Texas 2
Texas,TX-03,Keith Self,Republican,Incumbent renominated,R+11,['Evan Hunt'],['Keith Self'],[],1,1,0,True,Texas 3
Texas,TX-04,Pat Fallon,Republican,Incumbent renominated,R+12,['Jason Pearce'],['Pat Fallon'],[],1,1,0,True,Texas 4
Texas,TX-05,Lance Gooden,Republican,Incumbent renominated,R+10,['Chelsey Hockett'],['Lance Gooden'],[],1,1,0,True,Texas 5
Texas,TX-06,Jake Ellzey,Republican,Incumbent renominated,R+11,['Danny Minton'],['Jake Ellzey'],[],1,1,0,True,Texas 6
Texas,TX-07,Lizzie Fletcher,Democratic,Incumbent renominated,D+13,['Lizzie Fletcher'],['Alexander Hale'],"[{'name': 'Espoir Ngabo', 'party': 'Green'}]",1,1,1,True,Texas 7
Texas,TX-08,Morgan Luttrell,Republican,Incumbent retiring[55],R+13,['Laura Jones'],['Jessica Hart Steinmann'],[],1,1,0,True,Texas 8
Texas,TX-09,None (new seat),None (new seat),New representative to be elected,R+9,['Leticia Gutierrez'],['Alex Mealer'],[],1,1,0,True,Texas 9
Texas,TX-10,Michael McCaul,Republican,Incumbent retiring[56],R+10,['Caitlin Rourk'],['Chris Gober'],[],1,1,0,True,Texas 10
Texas,TX-11,August Pfluger,Republican,Incumbent renominated,R+17,['Claire Reynolds'],['August Pfluger'],[],1,1,0,True,Texas 11
Texas,TX-12,Craig Goldman,Republican,Incumbent renominated,R+11,['Angela Rodriguez Prilliman'],['Craig Goldman'],[],1,1,0,True,Texas 12
Texas,TX-13,Ronny Jackson,Republican,Incumbent renominated,R+23,['Mark Nair'],['Ronny Jackson'],[],1,1,0,True,Texas 13
Texas,TX-14,Randy Weber,Republican,Incumbent renominated,R+12,['Thurman Bartie'],['Randy Weber'],[],1,1,0,True,Texas 14
Texas,TX-15,Monica De La Cruz,Republican,Incumbent renominated,R+7,['Bobby Pulido'],['Monica De La Cruz'],[],1,1,0,True,Texas 15
Texas,TX-16,Veronica Escobar,Democratic,Incumbent renominated,D+11,['Veronica Escobar'],['Adam Bauman'],[],1,1,0,True,Texas 16
Texas,TX-17,Pete Sessions,Republican,Incumbent renominated,R+10,['Casey Shepard'],['Pete Sessions'],[],1,1,0,True,Texas 17
Texas,TX-18,Christian Menefee,Democratic,Incumbent renominated,D+29,['Christian Menefee'],['Ronald Whitfield'],[],1,1,0,True,Texas 18
Texas,TX-18,Al Green Redistricted from the 9th district,Democratic,Incumbent lost renomination.[235] Democratic loss.,D+29,['Christian Menefee'],['Ronald Whitfield'],[],1,1,0,True,Texas 18
Texas,TX-19,Jodey Arrington,Republican,Incumbent retiring[57],R+25,['Kyle Rable'],['Tom Sell'],[],1,1,0,True,Texas 19
Texas,TX-20,Joaquin Castro,Democratic,Incumbent renominated,D+16,['Joaquin Castro'],['Edgardo Rafael Baez'],[],1,1,0,True,Texas 20
Texas,TX-21,Chip Roy,Republican,Incumbent retiring to run for Texas attorney general[58],R+10,['Kristin Hook'],['Mark Teixeira'],[],1,1,0,True,Texas 21
Texas,TX-22,Troy Nehls,Republican,Incumbent retiring[59],R+11,['Marquette Greene-Scott'],['Trever Nehls'],[],1,1,0,True,Texas 22
Texas,TX-23,TBD[r],TBD[r],Incumbent to be determined in 2026,R+7,['Katy Padilla Stout'],['Brandon Herrera'],"[{'name': 'Ben Mendoza', 'party': 'Independent'}]",1,1,1,True,Texas 23
Texas,TX-24,Beth Van Duyne,Republican,Incumbent renominated,R+8,['Kevin Burge'],['Beth Van Duyne'],[],1,1,0,True,Texas 24
Texas,TX-25,Roger Williams,Republican,Incumbent renominated,R+11,['Dione Sims'],['Roger Williams'],[],1,1,0,True,Texas 25
Texas,TX-25,Marc Veasey Redistricted from the 33rd district,Democratic,Incumbent retiring.[24] Democratic loss.,R+11,['Dione Sims'],['Roger Williams'],[],1,1,0,True,Texas 25
Texas,TX-26,Brandon Gill,Republican,Incumbent renominated,R+11,['Steven Shook'],['Brandon Gill'],"[{'name': 'Phil Gray', 'party': 'Libertarian'}]",1,1,1,True,Texas 26
Texas,TX-27,Michael Cloud,Republican,Incumbent renominated,R+10,['Tanya Lloyd'],['Michael Cloud'],"[{'name': 'Wayne Raasch', 'party': 'Write-in'}]",1,1,1,True,Texas 27
Texas,TX-28,Henry Cuellar,Democratic,Incumbent renominated,R+3,['Henry Cuellar'],['Tano Tijerina'],"[{'name': 'n', 'party': 'Green'}]",1,1,1,True,Texas 28
Texas,TX-29,Sylvia Garcia,Democratic,Incumbent renominated,D+17,['Sylvia Garcia'],['Martha Fierro'],[],1,1,0,True,Texas 29
Texas,TX-30,None (new seat),None (new seat),New representative to be elected,D+25,['Frederick Haynes III'],['Everett Jackson'],[],1,1,0,True,Texas 30
Texas,TX-31,John Carter,Republican,Incumbent renominated,R+11,['Justin Early'],['John Carter'],"[{'name': 'Greg Stoker', 'party': 'Green'}]",1,1,1,True,Texas 31
Texas,TX-32,None (new seat),None (new seat),New representative to be elected,R+8,['Dan Barrios'],['Jace Yarbrough'],[],1,1,0,True,Texas 32
Texas,TX-33,Jasmine Crockett Redistricted from the 30th district,Democratic,Incumbent retiring to run for U.S. Senate.[23] Democratic loss.,D+18,['Colin Allred'],['Patrick Gillespie'],[],1,1,0,True,Texas 33
Texas,TX-33,Julie Johnson Redistricted from the 32nd district,Democratic,Incumbent lost renomination[237],D+18,['Colin Allred'],['Patrick Gillespie'],[],1,1,0,True,Texas 33
Texas,TX-34,Vicente Gonzalez,Democratic,Incumbent renominated,R+3,['Vicente Gonzalez'],['Eric Flores'],"[{'name': 'Eddie Espinoza', 'party': 'Green'}, {'name': 'Chris Royal', 'party': 'Libertarian'}]",1,1,2,True,Texas 34
Texas,TX-35,None (new seat),None (new seat),New representative to be elected,R+4,['Johnny Garcia'],['Carlos De La Cruz'],[],1,1,0,True,Texas 35
Texas,TX-36,Brian Babin,Republican,Incumbent renominated,R+12,['Rhonda Hart'],['Brian Babin'],[],1,1,0,True,Texas 36
Texas,TX-37,Lloyd Doggett,Democratic,Incumbent retiring.[25] Democratic loss.,D+30,['Greg Casar'],['a'],[],1,1,0,True,Texas 37
Texas,TX-37,Greg Casar Redistricted from the 35th district,Democratic,Incumbent renominated,D+30,['Greg Casar'],['a'],[],1,1,0,True,Texas 37
Texas,TX-38,Wesley Hunt,Republican,Incumbent retiring to run for U.S. Senate[60],R+10,['Melissa McDonough'],['Jon Bonck'],"[{'name': 'Alex McMenemy', 'party': 'Green'}]",1,1,1,True,Texas 38
Utah,UT-01,None (new seat),None (new seat),New representative to be elected,D+12,['Ben McAdams'],['Riley Owen'],"[{'name': 'January Walker', 'party': 'Forward'}, {'name': 'Jesse West', 'party': 'Libertarian'}]",1,1,2,True,Utah 1
Utah,UT-02,Blake Moore Redistricted from the 1st district,Republican,Incumbent renominated,R+15,['Peter Crosby'],['Blake Moore'],"[{'name': 'Carlton Bowen', 'party': 'Independent American'}, {'name': 'Daniel Cottam', 'party': 'Libertarian'}]",1,1,2,True,Utah 2
Utah,UT-03,Celeste Maloy Redistricted from the 2nd district,Republican,Incumbent renominated,R+21,['Kent Udell'],['Celeste Maloy'],"[{'name': 'Cassie Easley', 'party': 'Constitution'}, {'name': 'Michael Stoddard', 'party': 'Libertarian'}]",1,1,2,True,Utah 3
Utah,UT-04,Burgess Owens,Republican,Incumbent retiring.[61] Republican loss.,R+17,['Jonny Larsen'],['Mike Kennedy'],"[{'name': 'Steven Burt', 'party': 'Independent'}, {'name': 'Taylor Wright', 'party': 'Libertarian'}]",1,1,2,True,Utah 4
Utah,UT-04,Mike Kennedy Redistricted from the 3rd district,Republican,Incumbent renominated,R+17,['Jonny Larsen'],['Mike Kennedy'],"[{'name': 'Steven Burt', 'party': 'Independent'}, {'name': 'Taylor Wright', 'party': 'Libertarian'}]",1,1,2,True,Utah 4
Vermont,VT-01,Becca Balint,Democratic,Incumbent running,D+17,['Becca Balint'],"['Mark Coester', 'Gerald Malloy']","[{'name': 'Adam Ortiz', 'party': 'Independent'}]",1,2,1,False,Vermont 01
Virginia,VA,,,,,[],[],[],0,0,0,False,
Virginia,VA-01,Rob Wittman,Republican,Incumbent renominated,R+3,['Shannon Taylor'],['Rob Wittman'],[],1,1,0,True,Virginia 1
Virginia,VA-02,Jen Kiggans,Republican,Incumbent renominated,EVEN,['Elaine Luria'],['Jen Kiggans'],[],1,1,0,True,Virginia 2
Virginia,VA-03,Bobby Scott,Democratic,Incumbent renominated,D+18,['Bobby Scott'],['Edwin Rivera'],[],1,1,0,True,Virginia 3
Virginia,VA-04,Jennifer McClellan,Democratic,Incumbent renominated,D+17,['Jennifer McClellan'],['Robert Murray'],[],1,1,0,True,Virginia 4
Virginia,VA-05,John McGuire,Republican,Incumbent renominated,R+6,['Tom Perriello'],['John McGuire'],[],1,1,0,True,Virginia 5
Virginia,VA-06,Ben Cline,Republican,Incumbent renominated,R+12,['Beth Macy'],['Ben Cline'],[],1,1,0,True,Virginia 6
Virginia,VA-07,Eugene Vindman,Democratic,Incumbent renominated,D+2,['Eugene Vindman'],['Doug Ollivant'],[],1,1,0,True,Virginia 7
Virginia,VA-08,Don Beyer,Democratic,Incumbent renominated,D+26,['Don Beyer'],['Tony Sabio'],[],1,1,0,True,Virginia 8
Virginia,VA-09,Morgan Griffith,Republican,Incumbent renominated,R+22,['Joy Powers'],['Morgan Griffith'],[],1,1,0,True,Virginia 9
Virginia,VA-10,Suhas Subramanyam,Democratic,Incumbent renominated,D+6,['Suhas Subramanyam'],['Dave Beckwith'],[],1,1,0,True,Virginia 10
Virginia,VA-11,James Walkinshaw,Democratic,Incumbent renominated,D+18,['James Walkinshaw'],['Arthur Purves'],[],1,1,0,True,Virginia 11
Washington,WA-01,Suzan DelBene,Democratic,Incumbent advanced to general,D+15,['Suzan DelBene'],['Mary Silva'],[],1,1,0,True,Washington 1
Washington,WA-02,Rick Larsen,Democratic,Incumbent advanced to general,D+12,['Rick Larsen'],['Edwin Feller'],[],1,1,0,True,Washington 2
Washington,WA-03,Marie Gluesenkamp Perez,Democratic,Incumbent advanced to general,R+2,['Marie Gluesenkamp Perez'],['John Braun'],[],1,1,0,True,Washington 3
Washington,WA-04,Dan Newhouse,Republican,Incumbent retiring[62],R+10,['John Duresky'],['Amanda McKinney'],[],1,1,0,True,Washington 4
Washington,WA-05,Michael Baumgartner,Republican,Incumbent advanced to general,R+5,['Carmela Conroy'],['Michael Baumgartner'],"[{'name': 'Nate Powell', 'party': 'Independent'}]",1,1,1,True,Washington 5
Washington,WA-06,Emily Randall,Democratic,Incumbent advanced to general,D+10,['Emily Randall'],['Teresa Fox'],[],1,1,0,True,Washington 6
Washington,WA-07,Pramila Jayapal,Democratic,Incumbent advanced to general,D+39,['Pramila Jayapal'],['Nirav Sheth'],[],1,1,0,True,Washington 7
Washington,WA-08,Kim Schrier,Democratic,Incumbent advanced to general,D+3,['Kim Schrier'],"['Trinh Ha', 'Spencer Meline']",[],1,2,0,False,Washington 8
Washington,WA-09,Adam Smith,Democratic,Incumbent advanced to general,D+22,['Adam Smith'],['Doug Basler'],[],1,1,0,True,Washington 9
Washington,WA-10,Marilyn Strickland,Democratic,Incumbent advanced to general,D+9,['Marilyn Strickland'],['Chris Chung'],[],1,1,0,True,Washington 10
West Virginia,WV-01,Carol Miller,Republican,Incumbent renominated,R+22,['Vince George'],['Carol Miller'],[],1,1,0,True,West Virginia 1
West Virginia,WV-02,Riley Moore,Republican,Incumbent renominated,R+20,['Ace Parsi'],['Riley Moore'],[],1,1,0,True,West Virginia 2
Wisconsin,WI-01,Bryan Steil,Republican,Incumbent running,R+2,"['Miguel Aranda', 'Mitchell Berman', 'Lorenzo Santos']",['Bryan Steil'],[],3,1,0,False,Wisconsin 1
Wisconsin,WI-02,Mark Pocan,Democratic,Incumbent running,D+21,"['Douglas Alexander', 'Mark Pocan']",[],[],2,0,0,False,Wisconsin 2
Wisconsin,WI-03,Derrick Van Orden,Republican,Incumbent running,R+3,"['Emily Berge', 'Rebecca Cooke']",['Derrick Van Orden'],"[{'name': 'Alexander Kent', 'party': 'Independent'}, {'name': 'Rustin Provance', 'party': 'Independent'}]",2,1,2,False,Wisconsin 3
Wisconsin,WI-04,Gwen Moore,Democratic,Incumbent running,D+26,"['Amy Donohue', 'Gwen Moore']","['Purnima Nath', 'Tim Rogers']","[{'name': 'Arthur Burks', 'party': 'Independent'}, {'name': 'Robert Raymond', 'party': 'Independent'}]",2,2,2,False,Wisconsin 4
Wisconsin,WI-05,Scott Fitzgerald,Republican,Incumbent running,R+11,['Andrew Beck'],['Scott Fitzgerald'],[],1,1,0,True,Wisconsin 5
Wisconsin,WI-06,Glenn Grothman,Republican,Incumbent running,R+8,"['Amanda Bell', 'Brad Smith']",['Glenn Grothman'],"[{'name': 'Matthew Arndt', 'party': 'Wisconsin Green'}, {'name': 'Elizabeth Fitzgibbon', 'party': 'Independent'}, {'name': 'Michael Thurow', 'party': 'Independent'}]",2,1,3,False,Wisconsin 6
Wisconsin,WI-07,Tom Tiffany,Republican,Incumbent retiring to run for governor[63],R+11,"['Chris Armstrong', 'Fred Clark', 'Ginger Murray']","['Michael Alfonso', 'Niina Baum', 'Jessi Ebben', 'Kevin Hermining', 'Don Raihala']",[],3,5,0,False,Wisconsin 7
Wisconsin,WI-08,Tony Wied,Republican,Incumbent running,R+8,"['Rick Crosson', 'Katrina deVille', 'Mark Scheffler']",['Tony Wied'],[],3,1,0,False,Wisconsin 8
Wyoming,WY-01,Harriet Hageman,Republican,Incumbent retiring to run for U.S. Senate[64],R+23,"['Elena Del Real', 'Lisa Kinney']","['Jillian Balow', 'Bo Biteman', 'Kevin Christensen', 'Richard Dodson', 'Steve Friess', 'David Giralt', 'Keith Goodenough', 'Chuck Gray', 'Reid Rasner', 'John Romero-Martinez']","[{'name': 'Shawn Johnson', 'party': 'Libertarian'}]",2,10,1,False,Wyoming 01
